Title (String title of movie if a comma is used it is replaced with `), Prime Score (Float out of 5), Rotten Tomatoes Score (Float out of 10), IMDb Score (Float out of 10), OnionPlay Link (String link to onionplay or No Link), Genre List (String list of genres), My Score (Float out of 10), IMDb Summary (String description of movie if a comma is used it is replaced with `), Awards (String list separated by '+'), Must Watch (Bool value) 
The Wizard of Oz,4.8,8.9,8.1,https://onionplay.se/movies/the-wizard-of-oz-1939/ ,Musical Fantasy,8.5,Young Dorothy Gale and her dog Toto are swept away by a tornado from their Kansas farm to the magical Land of Oz and embark on a quest with three new friends to see the Wizard` who can return her to her home and fulfill the others' wishes.,Academy Award,True
Fantasia 2000,4.5,7.5,7.1,No Link,Musical Fantasy Animation,9,An update of the original film with new interpretations of great works of classical music.,Vision Award for Theatrical Motion Pictures,True
Singin' in the Rain,4.8,9.5,8.3,https://onionplay.se/movies/singin-in-the-rain-1952/ , Musical Classic Rom-Com,7.2,A silent film star falls for a chorus girl just as he and his delusionally jealous screen partner are trying to make the difficult transition to talking pictures in 1920s Hollywood.,NBR Award + Photoplay Award + Inducted into: OFTA Film Hall of Fame and National Film Registry,False
The Good` The Bad` & The Ugly,4.8,9.7,8.8,https://onionplay.se/movies/the-good-the-bad-and-the-ugly-1966/ ,Western Action Drama,5.3,A bounty-hunting scam joins two men in an uneasy alliance against a third in a race to find a fortune in gold buried in a remote cemetery.,Inducted into: OFTA Film Hall of Fame,False
Willy Wonka & the Chocolate Factory,4.8,8.7,7.8,https://onionplay.se/movies/willy-wonka-the-chocolate-factory-1971/ ,Musical Fantasy Comedy,8.7,A poor but hopeful boy seeks one of the five coveted golden tickets that will send him on a tour of Willy Wonka's mysterious chocolate factory.,Inducted into: OFTA Film Hall of Fame and National Film Registry,True
The Texas Chainsaw Massacre,4.4,8.2,7.4,https://onionplay.se/movies/the-texas-chain-saw-massacre-1974/ ,Horror Thriller Slasher Suspense,3.5,Five friends head out to rural Texas to visit the grave of a grandfather. On the way they stumble across what appears to be a deserted house` only to discover something sinister within. Something armed with a chainsaw.,Inducted into: OFTA Film Hall of Fame and National Film Registry,False
Star Wars: A New Hope,4.7,9.6,8.6,https://onionplay.se/movies/star-wars-1977/ ,Sci-Fi Fantasy Action,8.8,Luke Skywalker joins forces with a Jedi Knight` a cocky pilot` a Wookiee and two droids to save the galaxy from the Empire's world-destroying battle station` while also attempting to rescue Princess Leia from the mysterious Darth Vader.,Saturn Award + BAFTA Film Award + Golden Screen + Award of the Japanese Academy + LAFCA Award + NBR Award + People's Choice Award + Photoplay Gold Medal + Science Fiction and Fantasy Writers of America Special Award + Inducted into: National Film Registry,False
Alien,4.7,9.4,8.5,https://onionplay.se/movies/alien-1979/ ,Horror Suspense Sci-Fi Thriller,7.7,After investigating a mysterious transmission of unknown origin` the crew of a commercial spacecraft encounters a deadly lifeform.,Saturn Award + 2 Silver Seashell Awards + Inducted into: OFTA Film Hall of Fame and National Film Registry,True
Star Wars: The Empire Strikes Back,4.8,9.7,8.7,https://onionplay.se/movies/the-empire-strikes-back-1980/ ,Sci-Fi Action Fantasy Drama,8.9,After the Empire overpowers the Rebel Alliance` Luke Skywalker begins training with Jedi Master Yoda` while Darth Vader and bounty hunter Boba Fett pursue his friends across the galaxy.,Saturn Award + Golden Screen + People's Choice Award + Inducted into: OFTA Film Hall of Fame and National Film Registry,True
The Shining,4.7,9.3,8.4,https://onionplay.se/movies/the-shining-1980/ ,Psychological Suspense Classic Horror,7.5,A family heads to an isolated hotel for the winter` where a sinister presence influences the father into violence. At the same time` his psychic son sees horrifying forebodings from both the past and the future.,Saturn Award + Inducted into: OFTA Film Hall of Fame and National Film Registry,True
Raiders of the Lost Ark,4.8,9.6,8.4,https://onionplay.se/movies/raiders-of-the-lost-ark-1981/ ,Action Adventure Comedy Mystery,8,In 1936` archaeologists and adventurers of the U.S. government hired Indiana Jones to find the Ark of the Covenant before the Nazis could obtain its extraordinary powers.,Saturn Award + BAFTA Film Award + KCFCC Award + NBR Award + Golden Reel Award + People's Choice Award + VSDA Award + Young Artist Award + 2 American Movie Awards + Telegatto Award + Inducted into: OFTA Film Hall of Fame and National Film Registry,True
E.T. the Extra-Terrestrial,4.8,7.2,7.9,https://onionplay.se/movies/e-t-the-extra-terrestrial-1982/ ,Sci-Fi Drama Action,4.5,A troubled child summons the courage to help a friendly alien escape from Earth and return to his home planet.,Saturn Award for Best Science Fiction Film + BSFC Award + CEC Award for Best Foreign Film + Golden Globe + 2 Golden Screens + 2 Awards of the Japanese Academy + KCFCC Award + LAFCA Award + Golden Reel Award + NBR Award + People's Choice Award + Young Artist Award + Inducted into: OFTA Film Hall of Fame and National Film Registry,False
Blade Runner,4.6,9.1,8.1,https://onionplay.se/movies/blade-runner-1982/ ,Cyberpunk Sci-Fi Classic Action Neo-Noir,9.3,A blade runner must pursue and terminate four replicants who stole a ship in space and have returned to Earth to find their creator.,Sierra Award + SIYAD Award + Inducted into: OFTA Film Hall of Fame and National Film Registry,True
Star Wars: Episode VI - Return of the Jedi,4.7,9.4,8.3,https://onionplay.se/movies/return-of-the-jedi-1983/ ,Action Fantasy Sci-Fi Adventure,8.5,After rescuing Han Solo from Jabba the Hutt` the Rebel Alliance attempts to destroy the second Death Star while Luke struggles to help Darth Vader back from the dark side.,Saturn Award + Golden Screen Award + People's Choice Award + Young Artist Award + Inducted into: OFTA Hall of Fame and National Film Registry,True
Indiana Jones and the Temple of Doom,4.7,8.2,7.5,https://onionplay.se/movies/indiana-jones-and-the-temple-of-doom-1984/ ,Adventure Comedy Action,8,In 1935` Indiana Jones is tasked by Indian villagers with reclaiming a sacred stone stolen from them by a secret cult.,Golden Screen + Inducted into: National Film Registry,True
Gremlins,4.7,7.8,7.3,https://onionplay.se/movies/gremlins-1984/ ,Horror Action Comedy Fantasy,5.3,After receiving an exotic small animal as a Christmas gift` a young man inadvertently breaks three important rules concerning his new pet` which unleashes a horde of malevolently mischievous creatures on a small town.,Saturn Award + Golden Screen + Young Artist Award + Inducted into: OFTA Film Hall of Fame,False
The Karate Kid,4.8,8.2,7.3,https://onionplay.se/movies/the-karate-kid-1984/ ,Action Sports Comedy Drama,7.3,Recently relocated from NJ to LA` Daniel becomes the target of a gang of Cobra Kai dojo students. When Mr. Miyagi saves him with expert Karate skills` Daniel convinces him to teach him to defend himself` and put his bullies in their place.,VSDA Award + Young Artist Award + Inducted into: National Film Registry,False
Dune,4.5,6.5,6.3,https://onionplay.se/movies/dune-1984/ ,Sci-Fi Action Drama Mystery,7.9,A Duke's son leads desert warriors against the galactic emperor and his father's evil nemesis to free their desert world from the emperor's rule.,Saturn Award,True
The Goonies,4.8,9.1,7.7,https://onionplay.se/movies/the-goonies-1985/ ,Classic Drama Comedy Action,7.5,A group of young misfits called The Goonies discover an ancient map and set out on an adventure to find a legendary pirate's long-lost treasure.,Family Friendly Award + Inducted into: OFTA Film Hall of Fame and National Film Registry,False
Ferris Bueller's Day Off,4.8,9.2,7.8,https://onionplay.se/movies/ferris-buellers-day-off-1986/ ,Comedy Classic Teen,7.8,A brash` cocky high school senior` tired of skipping school to spend a boring day at home` is determined to enjoy an epic day roaring around his favorite Chicago sites` enlisting his best friend and girlfriend to join him on the adventure.,Inducted into: OFTA Film Hall of Fame and National Film Registry,True
Castle in the Sky,4.8,9.1,8.0,No Link,Animation Fantasy Action Drama Steampunk,9.4,Pazu's life changes when he meets Sheeta` a girl whom pirates are chasing for her crystal amulet` which has the potential to locate Laputa` a legendary castle floating in the sky.,None,True
Dirty Dancing,4.8,9.0,7.0,https://onionplay.se/movies/dirty-dancing-1987/ ,Classic Teen Dance Drama Romance,8,Spending the summer at a Catskills resort with her family` Frances "Baby" Houseman falls in love with the camp's dance instructor` Johnny Castle.,Oscar + 2 ASCAP Awards + Golden Globe + 2 Golden Screens + Independent Spirit Award + Inducted into: National Film Registry,False
Predator,4.7,8.7,7.8,https://onionplay.se/movies/predator-1987/ ,Horror Action Sci-Fi Suspense Thriller,7.2,A team of commandos on a mission in a Central American jungle find themselves hunted by an extraterrestrial warrior.,Saturn Award,False
The Princess Bride,4.8,9.4,8.0,https://onionplay.se/movies/the-princess-bride-1987/ ,Romance Fantasy Comedy Classic Adventure,7.7,A bedridden boy's grandfather reads him the story of a farmboy-turned-pirate who encounters numerous obstacles` enemies and allies in his quest to be reunited with his true love.,Saturn Award + Inducted into: National Film Registry,False
Beetlejuice,4.8,8.2,7.5,https://onionplay.se/movies/beetlejuice-1988/ ,Horror Comedy Fantasy,8.3,The spirits of a deceased couple are harassed by an unbearable family that has moved into their home` and hire a malicious spirit to drive them out.,Saturn Award + Kid's Choice Award + Blimp Award + Young Artist Award,True
My Neighbor Totoro,4.9,9.4,8.1,https://onionplay.se/movies/my-neighbor-totoro-1988/ ,Animation Comedy Fantasy Adventure,8.9,When two girls move to the country to be near their ailing mother` they have adventures with the wondrous forest spirits who live nearby.,Saturn Award,True
Indiana Jones and the Last Crusade,4.4,9.4,8.2,https://onionplay.se/movies/indiana-jones-and-the-last-crusade-1989/ ,Adventure Action Comedy,In 1938, after his father goes missing while pursuing the Holy Grail` Indiana Jones finds himself up against the Nazis again to stop them from obtaining its powers.,Golden Screen + Inducted into: OFTA Film Hall of Fame,False
Dead Poets Society,4.8,9.2,8.1,https://onionplay.se/movies/dead-poets-society-1989/ ,Classic Comedy Teen Drama,9.3,Maverick teacher John Keating returns in 1959 to the prestigious New England boys' boarding school where he was once a star student` using poetry to embolden his pupils to new heights of self-expression.,Golden Screen + NBR Award + PFS Award + Young Artist Award + Joseph Plateau Award + Inducted into: OFTA Film Hall of Fame,True
Kiki's Delivery Service,4.9,8.9,7.8,No Link,Animation Comedy Drama Fantasy,9.6,Along with her black cat Jiji` Kiki settles in a seaside town and starts a high-flying delivery service. Here begins her magical encounter with independence and responsibility` making lifelong friends and finding her place in the world.,2 Awards of the Japanese Academy,True
The Little Mermaid,4.8,8.8,7.6,https://onionplay.se/movies/the-little-mermaid-1989/ ,Animation Romance Musical Adventure,7.7,A mermaid princess makes a Faustian bargain in an attempt to become human and win a prince's love.,Golden Screen + Golden Reel Award + Young Artist Award + Inducted into: OFTA Film Hall of Fame and National Film Registry,False
Home Alone,4.8,8.0,7.7,https://onionplay.se/movies/home-alone-1990/ ,Comedy Adventure Christmas,6.5,An eight-year-old troublemaker` mistakenly left home alone` must defend his home against a pair of burglars on Christmas Eve.,British Comedy Award + Family Film Award + 2 Golden Screens + Blimp Award + Young Artist Award + Inducted into: OFTA Filma Hall fo Fame and National Film Registry,False
Edward Scissorhands,4.8,9.1,7.9,https://onionplay.se/movies/edward-scissorhands-1990/ ,Fantasy Romance Drama,8,The solitary life of an artificial man - who was incompletely constructed and has scissors for hands - is upended when he is taken in by a suburban family.,Saturn Award,True
The Silence of the Lambs,4.8,9.5,8.6,https://onionplay.se/movies/the-silence-of-the-lambs-1991/ ,Horror Thriller Action Psychological,7.5,A young F.B.I. cadet must receive the help of an incarcerated and manipulative cannibal killer to help catch another serial killer` a madman who skins his victims.,Saturn Award + CFCA Award + Golden Screen + KCFCC Award + 2 NBR Awards + NYFCC Award + Chainsaw Award + Felix Award +  Inducted into: OFTA Film Hall of Fame and National Film Registry,True
The Nightmare Before Christmas,4.8,9.2,7.9,https://onionplay.se/movies/the-nightmare-before-christmas-1993/ ,Animation Comedy Romance Musical Fantasy,8.9,Jack Skellington` king of Halloween Town` discovers Christmas Town` but his attempts to bring Christmas to his home causes confusion.,Saturn Award + DFWFCA Award + Inducted into: National Film Registry,True
Schindler's List,4.8,9.7,9.0,https://onionplay.se/movies/schindlers-list-1993/ ,War Drama Historical Classic,7.8,In German-occupied Poland during World War II` industrialist Oskar Schindler gradually becomes concerned for his Jewish workforce after witnessing their persecution by the Nazis.,BSFC Award + CFCA Award + DFWFCA Award + Golden Globe + 2 Golden Screens + Award of the Japanese Academy + KCFCC Award + ALFS Award + LAFCA Award + Maxwell Weinberg Award + Golden Reel Award + 2 NBR Awards + NSFC Award + NYFCC Award + PFS Award + Nikkan Sports Film Award + Felix Award + Inducted into: OFTA Film Hall of Fame and National Film Registry,True
Pulp Fiction,4.8,9.6,8.9,https://onionplay.se/movies/pulp-fiction-1994/ ,Comedy Dark Suspense Drama,7.2,The lives of two mob hitmen` a boxer` a gangster and his wife` and a pair of diner bandits intertwine in four tales of violence and redemption.,Saturn Award + BSFC Award + Brit Award + DFWFCA Award + KCFCC Award + LAFCA Award + MTV Movie Award + 2 NBR Awards + NSFC Award + STFC Award + SEFCA Award + Felix Award + Inducted into: OFTA Film Hall of Fame and National Film Registry,True
The Lion King,4.8,9.3,8.5,https://onionplay.se/movies/the-lion-king-1994/ ,Animation Musical Adventure Romance,7.5,Lion prince Simba and his father are targeted by his bitter uncle` who wants to ascend the throne himself.,Annie Award + DFWFCA Award + Golden Globe + 3 Golden Screens + KCFCC Award + Blimp Award + 2 Golden Reel Awards + NBR Award + Young Artist Award + ACCA + 2 American Music Awards + Inducted into: OFTA Film Hall of Fame and National Film Registry,True
Forrest Gump,4.9,9.5,8.8,https://onionplay.se/movies/forrest-gump-1994/ ,Comedy Rom-Com Drama,8.2,The history of the United States from the 1950s to the '70s unfolds from the perspective of an Alabama man with an IQ of 75` who yearns to be reunited with his childhood sweetheart.,Saturn Award + Golden Globe + 2 Golden Screens + Maxwell Weinberg Award + Golden Reel Award + 2 NBR Award + 2 People's Choice Awards + Movieguide Award + Felix Award + Inducted into: OFTA Film Hall of Fame and National Film Registry,True
The Mask,4.7,6.8,6.9,https://onionplay.se/movies/the-mask-1994/ ,Comedy Superhero Slapstick,7.2,Bank clerk Stanley Ipkiss is transformed into a manic superhero when he wears a mysterious mask.,None,False
Toy Story,4.8,9.2,8.3,https://onionplay.se/movies/toy-story-1995/ ,Animation Comedy Action,8.5,A cowboy doll is profoundly jealous when a new spaceman action figure supplants him as the top toy in a boy's bedroom. When circumstances separate them from their owner` the duo have to put aside their differences to return to him.,2 Annie Awards + DFWFCA Award + KCFCC Award + Golden Reel Award + Universe Reader's Choice Award + Young Artist Award + Movieguide Award + 2 Felix Awards + Inducted into: OFTA Film Hall of Fame and National Film Registry,True
Jumanji,4.8,6.3,7.1,https://onionplay.se/movies/jumanji-1995/ ,Comedy Drama Fantasy Action,8.7,When two kids find and play a magical board game` they release a man trapped in it for decades - and a host of dangers that can only be stopped by finishing the game.,Huabiao Film Award + Young Artist Award,True
Matilda,4.8,7.3,7.0,No Link,Action Comedy Fantasy Drama,7.8,A girl gifted with a keen intellect and psychic powers uses both to get even with her callous family and free her kindly schoolteacher from the tyrannical grip of a sadistic headmistress.,None,False
The Fifth Element,4.8,8.6,7.6,https://onionplay.se/movies/the-fifth-element-1997/ ,Sci-Fi Adventure Comedy Action,7.3,In the colorful future` a cab driver unwittingly becomes the central figure in the search for a legendary cosmic weapon to keep Evil and Mr. Zorg at bay.,Bogey Award + Golden Screen,False
Men in Black,4.7,8.0,7.3,https://onionplay.se/movies/men-in-black-1997/ ,Sci-Fi Comedy Action,8.8,James` an NYC cop` is hired by Agent K of a secret government agency that monitors extraterrestrial life on Earth. Together` they must recover an item that has been stolen by an intergalactic villain.,Saturn Award + Blockbuster Entertainment Award + Bogey Award + Box Office Award + 2 Golden Screens + Empire Award + Felix Award + American Music Award,True
Perfect Blue,4.8,8.9,8.0,No Link,Animation Psychological Fantasy Horror,8.9,A pop singer gives up her career to become an actress` but she slowly goes insane when she starts being stalked by an obsessed fan and what seems to be a ghost of her past.,None,False
Princess Mononoke,4.9,9.4,8.3,No Link,Animation Action Drama Fantasy,9.5,While seeking to cure himself of a curse` young warrior Ashitaka stumbles into a conflict between the people of Iron Town and Princess Mononoke` a girl raised by wolves` who will stop at nothing to prevent the destruction of her home.,Saturn Award + Award of the Japanese Academy + Ishihara Yujiro Award + 2 ACCAs + Inducted into: OFTA Film Hall of Fame,True
Gattaca,4.6,8.7,7.7,https://onionplay.se/movies/gattaca-1997/ ,Sci-Fi Suspense Action,4.5,Vincent` an "In-Valid"` assumes the identity of a member of the genetic elite to pursue his goal of traveling into space with the Gattaca Aerospace Corporation. However` a week before his mission` a murder marks Vincent as a suspect.,Bogey Award,False
Good Will Hunting,4.8,9.4,8.3,https://onionplay.se/movies/good-will-hunting-1997/ ,Classic Comedy Romance,9.5,Will Hunting` a janitor at MIT` has a gift for mathematics` but needs help from a psychologist to find direction in his life.,NBR Award + Golden Trailer + Inducted into: OFTA Film Hall of Fame,True
The Truman Show,4.7,8.9,8.2,https://onionplay.se/movies/the-truman-show-1998/ ,Dystopian Satire Psychological Drama,9.1,An insurance salesman begins to suspect that his whole life is actually some sort of reality TV show.,Saturn Award + FCCA Award + Bogey Award + OFCS Award + Inducted into: OFTA Film Hall of Fame,True
The Parent Trap,4.8,7.0,6.6,No Link,Action Rom-Com Adventure,6.7,Identical twins Annie and Hallie` separated at birth and each raised by one of their biological parents` discover each other for the first time at summer camp and make a plan to bring their wayward parents back together.,None,False
Rush Hour,4.8,7.8,7.0,https://onionplay.se/movies/rush-hour-1998/ ,Comedy Action Adventure,7,A loyal and dedicated Hong Kong Inspector teams up with a reckless and loudmouthed L.A.P.D. detective to rescue the Chinese Consul's kidnapped daughter` while trying to arrest a dangerous crime lord along the way.,Bogey Award + Golden Screen,True
A Bug's Life,4.8,7.2,7.2,https://onionplay.se/movies/a-bugs-life-1998/ ,Animation Action Comedy Fantasy,7.9,A misfit ant` looking for "warriors" to save his colony from greedy grasshoppers` recruits a group of bugs that turn out to be an inept circus troupe.,Blockbuster Entertainment Award + Bogey Award + 2 Critics Choice Award + FFCC Award + Golden Screen + KCFCC Award,False
The Matrix,4.7,8.5,8.7,https://onionplay.se/movies/the-matrix-1999/ ,Sci-Fi Noir Action Classic Dystopian,8.6,When a beautiful stranger leads computer hacker Neo to a forbidding underworld` he discovers the shocking truth--the life he knows is the elaborate deception of an evil cyber-intelligence.,Saturn Award + Bogey Award + Golden Slate + Golden Screen + Grammy + Key Art Award + MTV Movie Award + Empire Award + 4 Golden Trailers + 2 ACCAs + Inducted into: OFTA Film Hall of Fame and National Film Registry,True
10 Things I Hate About You,4.8,6.9,7.3,https://onionplay.se/movies/10-things-i-hate-about-you-1999/ ,Rom-Com Teen Drama,7.8,A high-school boy` Cameron` cannot date Bianca until her anti-social older sister` Kat` has a boyfriend. So` Cameron pays a mysterious boy` Patrick` to charm Kat.,None,True
The Mummy,4.8,7.5,7.1,https://onionplay.se/movies/the-mummy-1999/ ,Suspense Fantasy Adventure Action,6,At an archaeological dig in the ancient city of Hamunaptra` an American serving in the French Foreign Legion accidentally awakens a mummy who begins to wreak havoc as he searches for the reincarnation of his long-lost love.,Bogey Award + Golden Screen,False
Notting Hill,4.8,7.9,7.2,https://onionplay.se/movies/notting-hill-1999/ ,Rom-Com Drama,7.9,A set of circumstances makes Anna Scott` a famous actress` fall in love with William Thacker` owner of a bookstore in Notting Hill. But the paparazzi's fascination with her complicates their bond.,Bogey Award + Brit Award + BAFTA Audience Award + British Comedy Award + Peter Sellers Award for Comedy + Golden Screen + Huabiao Film Award,True
Star Wars: Episode I - The Phantom Menace,4.6,5.9,6.5,https://onionplay.se/movies/star-wars-episode-i-the-phantom-menace-1999/ ,Action Adventure Sci-Fi Fantasy,8.4,Two Jedi escape a hostile blockade to find allies and come across a young boy who may bring balance to the Force` but the long-dormant Sith resurface to claim their former glory.,Bogey Award + 2 Golden Screens + MTV Movie Award,False
Eyes Wide Shut,4.2,7.4,7.5,https://onionplay.se/movies/eyes-wide-shut-1999/ ,Thriller Erotic Classic Suspense,8.7,A Manhattan doctor embarks on a bizarre` night-long odyssey after his wife's admission of unfulfilled longing.,Golden Slate + OFCS Award + Inducted into: OFTA Film Hall of Fame,False
The Sixth Sense,4.8,9.0,8.2,https://onionplay.se/movies/the-sixth-sense-1999/ ,Horror Sci-Fi Psychological Action Suspense,8.1,After being shot by a resentful former patient whom he failed to help` a Philadelphia child psychologist seeks redemption by treating a young boy with a disturbing secret.,Saturn Award + Bogey Award + Golden Screen + Award of the Japanese Academy + 2 People's Choice + Teen Choice Award + Chainsaw Award + Inducted into: OFTA Film Hall of Fame,True
Toy Story 2,4.8,8.7,7.9,https://onionplay.se/movies/toy-story-2-1999/ ,Animation Action Comedy Fantasy,8.5,When Woody is stolen by a toy collector` Buzz and his friends set out on a rescue mission to save Woody before he becomes a museum toy property with his roundup gang Jessie` Prospector` and Bullseye.,Annie Award + Blockbuster Entertainment Award + Bogey Award + Critics Choice Award + Golden Globe + 2 Golden Satellite Awards + KCFCC Award + OFCS Award + Young Artist Award + Movieguide Award + Inducted into: OFTA Film Hall of Fame,False
Girl Interrupted,4.7,8.4,7.3,https://onionplay.se/movies/girl-interrupted-1999/ ,Comedy Drama Thriller,8.8,Directionless teenager Susanna is rushed to Claymoore` a mental institution` after a supposed suicide attempt. There she befriends a group of troubled women who deeply influence her life.,None,True
American Psycho,4.6,8.5,7.6,https://onionplay.se/movies/american-psycho-2000/ ,Slasher Satire Psychological Dark,7.6,A wealthy New York City investment banking executive` Patrick Bateman` hides his alternate psychopathic ego from his co-workers and friends as he delves deeper into his violent` hedonistic fantasies.,IHG Award + National Board of Review Special Recognition + Chainsaw Award,True
Chicken Run,4.7,6.5,7.1,No Link,Animation Comedy Adventure,6.8,When a cockerel apparently flies into a chicken farm` the chickens see him as an opportunity to escape their evil owners.,Blockbuster Entertainment Award + Critics Choice Award + DFWFCA Award + FFCC Award + Genesis Award + Golden Satellite Award + KCFCC Award + Sierra Award + NBR Award + NYFCC Award + OFCS Award + Young Artist Award + Golden Trailer + 2 PFCS Awards + Golden Tomato Award,True
How the Grinch Stole Christmas,4.8,9.4,8.3,No Link,Animation Comedy Musical Fantasy,8,A grumpy hermit hatches a plan to steal Christmas from the Whos of Whoville.,None,True
Castaway,4.8,8.4,7.8,https://onionplay.se/movies/cast-away-2000/ ,Survival Action Adventure,7.9,A FedEx executive undergoes a physical and emotional transformation after crash landing on a deserted island.,Bogey Award + Golden Screen,True
Donnie Darko,4.7,8.0,8.0,https://onionplay.se/movies/donnie-darko-2001/ ,Horror Thriller Psychological Fantasy Mystery,8.6,After narrowly escaping a bizarre accident` a troubled teenager is plagued by visions of a man in a large rabbit suit who manipulates him to commit a series of crimes.,FCCA Award + Toronto Film Critics Association Special Citation + Webby Award,True
Shrek,4.8,9.0,7.9,https://onionplay.se/movies/shrek-2001/ ,Animation Comedy Fantasy Romance,8.8,A mean lord exiles fairytale creatures to the swamp of a grumpy ogre` who must go on a quest and rescue a princess for the lord in order to get his land back.,Annie Award + Bogey Award + Critics Choice Award + DFWFCA Award + FFCC Award + Golden Screen + KCFCC Award + Sierra Award + NBR Award + 2 OFCS Awards + People's Choice Award + Young Artist Award + PFCS Award + ACCA + 2 Golden Schmoes Awards + Inducted into: National Film Registry,True
Spirited Away,4.9,9.6,8.6,https://onionplay.se/movies/spirited-away-2002/ ,Animation Fantasy Teen Drama Fantasy,9,During her family's move to the suburbs` a sullen 10-year-old girl wanders into a world ruled by gods` witches and spirits` and where humans are changed into beasts.,Saturn Award + Annie Award + FCCA Award + Boston Field of Film Critics Special Commendation + Critics Choice Award + DFWFCA Award + FFCC Award + Golden Satellite Award + Hong Kong Film Award + Award of the Japanese Academy + NBR Award + NYFCC Award + OFCS Award + Golden Trailer + PFCS Award + Nikkan Sports Film Award + NYFCO Award + 2 UFCA Awards + ACCA + Gold Derby Film Award + Movies for Grownups Award + Inducted into: National Film Registry,True
The Princess Diaries,4.7,6.8,6.4,https://onionplay.se/movies/the-princess-diaries-2001/ ,Romance Comedy Teen Drama,6.5,Mia Thermopolis has just found out that she is the heir apparent to the throne of Genovia. With her friends Lilly and Michael Moscovitz in tow` she tries to navigate through the rest of her sixteenth year.,Young Artist Award + Movieguide Award,False
Monsters Inc.,4.8,9.0,8.1,https://onionplay.se/movies/monsters-inc-2001/ ,Animation Comedy Fantasy Action,8.3,In order to power the city` monsters have to scare children so that they scream. However` the children are toxic to the monsters` and after a child gets through` two monsters realize things may not be what they think.,Bogey Award + Golden Satellite Award + Golden Trailer + PCFS Award,True
Harry Potter and the Philosopher's Stone,4.8,8.2,7.6,https://onionplay.se/movies/harry-potter-and-the-philosophers-stone-2001/ ,Mystery Fantasy Adventure Action,8.7,An orphaned boy enrolls in a school of wizardry` where he learns the truth about himself` his family and the terrible evil that haunts the magical world.,Bogey Award + Critics Choice Award + Sierra Award + Maxwell Weinberg Award + AFI Special Award + Empire Special Award + PFCS Award + Golden Schmoes Award,True
The Lord of the Rings: The Fellowship of the Ring,4.8,9.5,8.9,https://onionplay.se/movies/the-lord-of-the-rings-the-fellowship-of-the-ring-2001/ ,Fantasy Action Adventure Drama,7.5,A meek Hobbit from the Shire and eight companions set out on a journey to destroy the powerful One Ring and save Middle-earth from the Dark Lord Sauron.,Saturn Award + Bogey Award + BAFTA Audience Award + Critics Choice Award + Golden Satellite Award + KCFCC Award + MTV Movie Award + OFCS Award + 2 People's Choice Award + AFI Award + Empire Award + Movieguide + PFCS Award + Guiness World Record + ACCA + 6 Golden Schmoes Awards + NCFCA Award + Golden Tomato Award + Inducted into: OFTA Film Hall of Fame and National Film Registry,True
A Beautiful Mind,4.7,9.3,8.2,https://onionplay.se/movies/a-beautiful-mind-2001/ ,Drama Action Psychological,7.3,A mathematical genius` John Nash made an astonishing discovery early in his career and stood on the brink of international acclaim. But the handsome and arrogant Nash soon found himself on a harrowing journey of self-discovery.,Critics Choice Award + DFWFCA Award + Golden Globe,True
Ice Age,4.8,8.2,7.5,https://onionplay.se/movies/ice-age-2002/ ,Animation Comedy Fantasy Adventure,6.7,Manny the mammoth` Sid the loquacious sloth` and Diego the sabre-toothed tiger go on a comical quest to return a human baby back to his father` across a world on the brink of an ice age.,Bogey Award + KCFCC Award + Golden Schmoes Award,False
Spider-Man,4.5,6.7,7.4,https://onionplay.se/movies/spider-man-2002/ ,Action Superhero Romance Sci-Fi,7.5,After being bitten by a genetically-modified spider` a shy teenager gains spider-like abilities that he uses to fight injustice as a masked superhero and face a vengeful enemy.,Bogey Award + Maxwell Weinberg Award + People's Choice Award + Teen Choice Award + Golden Trailer + Movieguide Award + American Music Award,True
Star Wars: Episode II - Attack of the Clones,4.7,5.6,6.6,https://onionplay.se/movies/star-wars-episode-ii-attack-of-the-clones-2002/ ,Action Romance Fantasy Sci-Fi,8.6,Ten years after initially meeting` Anakin Skywalker shares a forbidden romance with Padm√© Amidala` while Obi-Wan Kenobi discovers a secret clone army crafted for the Jedi.,Bogey Award + Empire Award,True 
The Pianist,4.8,9.6,8.5,https://onionplay.se/movies/the-pianist-2002/ ,War Historical Music,8.6,During WWII` acclaimed Polish musician Wladyslaw faces various struggles as he loses contact with his family. As the situation worsens` he hides in the ruins of Warsaw in order to survive.,BSFC Award + CEC Award + Award of the Japanese Academy + NBR Award + NSFC Award + OFCS Award + Harry Award + SFFCC Award + Nikkan Sports Film Award,True
The Bourne Identity,4.8,9.3,7.8,https://onionplay.se/movies/the-bourne-identity-2002/ ,Action Spy Crime Adventure,7.7,A man is picked up by a fishing boat` bullet-riddled and suffering from amnesia` before racing to elude assassins and attempting to regain his memory.,None,True
Scooby-Doo,4.7,4.0,5.3,https://onionplay.se/movies/scooby-doo-2002/ ,Mystery Comedy Adventure,3,After an acrimonious break up` the Mystery Inc. gang are individually brought to an island resort to investigate strange goings on.,None,False
Minority Report,4.5,8.0,7.6,https://onionplay.se/movies/minority-report-2002/ ,Sci-Fi Cyberpunk Psychological Action Mystery,7.9,John works with the PreCrime police which stop crimes before they take place` with the help of three 'PreCogs' who can foresee crimes. Events ensue when John finds himself framed for a future murder.,Saturn Award for Best Science Fiction Film + Bogey Award + Golden Schmoes Award,True 
Harry Potter and the Chamber of Secrets,4.8,8.0,7.4,https://onionplay.se/movies/harry-potter-and-the-chamber-of-secrets-2002/ ,Adventure Family Fantasy,7.6,Harry Potter lives his second year at Hogwarts with Ron and Hermione when a message on the wall announces that the legendary Chamber of Secrets has been opened. The trio soon realize that` to save the school` it will take a lot of courage,BAFTA Kids' Vote + Critics Choice Award + Huabiao Film Award + AFI Special Award + Empire Special Award + PFCS Award + Nickelodeon Kids Choice Award,True
Pirates of the Caribbean: On Stranger Tides,4.7,5.4,6.6,https://onionplay.se/movies/pirates-of-the-caribbean-on-stranger-tides-2011/ ,Action Adventure Fantasy,6.8,Jack Sparrow and Barbossa embark on a quest to find the elusive fountain of youth` only to discover that Blackbeard and his daughter are after it too.,Movieguide Award + Scream Award,False
Thor,4.7,7.6,7.0,https://onionplay.se/movies/thor-2011/ ,Action Adventure Fantasy,7.5,The powerful but arrogant god Thor is cast out of Asgard to live among humans in Midgard (Earth) where he becomes one of their finest defenders.,Empire Award,False
Rango,4.7,7.0,7.3,https://onionplay.se/movies/rango-2011/ ,Animation Adventure Comedy Western,5.5,Rango is an ordinary chameleon who accidentally winds up in the town of Dirt` a lawless outpost in the Wild West in desperate need of a new sheriff.,Annie Award + BSFC Award + Critics Choice Award + CFCA Award + DFWFCA Award + KCFCC Award + LAFCA Award + NBR Award + OFCS Award + SEFCA Award + AFFCC Award + PFCS Award + AFCA Award + WAFCA Award + ICS Award + IFJA Award + IFC Award + 2 IGN Awards + UFCA Award + HFCS Award + VVFP Award + ACCA + Golden Schmoes Award + BFCC Award
Harry Potter and the Deathly Hallows: Part I,4.8,8.5,7.7,https://onionplay.se/movies/harry-potter-and-the-deathly-hallows-part-1-2010/ ,Adventure Family Fantasy,8.8,Harry Potter is tasked with the dangerous and seemingly impossible task of locating and destroying Voldemort's remaining Horcruxes. Harry must rely on Ron and Hermione more than ever` but dark forces threaten to tear them apart.,Max Movie Award + ACCA Honorable Mention + IGN Award + AFI Special Award + Teen Choice Award,True
Megamind,4.8,7.2,7.3,https://onionplay.se/movies/megamind-2010/ ,Animation Action Comedy Family Sci-Fi,7.7,Evil genius Megamind finally defeats his do-gooder nemesis` Metro Man` but is left without a purpose in a superhero-free world.,Davis Award,False
Scott Pilgrim vs the World,4.7,8.4,7.6,https://onionplay.se/movies/scott-pilgrim-vs-the-world-2010/ ,Action Comedy Fantasy Romance,8,A young man must defeat his new girlfriend's seven evil exes` who are willing to do anything to prevent her happiness with someone else.,Satellite Award + SLFCA Award + NYFCO Award + 2 Scream Awards + OFTA Film Award + ACCA Honorable Mention + 4 Golden Schmoes + IFCS Award,True
Despicable Me,4.8,8.3,7.6,https://onionplay.se/movies/despicable-me-2010/ ,Animation Comedy Family,8.4,Gru` a criminal mastermind` adopts three orphans as pawns to carry out the biggest heist in history. His life takes an unexpected turn when the little girls see the evildoer as their potential father.,Blimp Award + WFCC Award,False
Inception,4.6,9.1,8.8,https://onionplay.se/movies/inception-2010/ ,Action Adventure Sci-Fi Thriller,8.6,A thief who steals corporate secrets through the use of dream-sharing technology is given the inverse task of planting an idea into the mind of a CEO.,Saturn Award + FFCC Award + Vincent Koehler Award + NBR Award + AFI Award + Golden Trailer + PFCS Award + COFCA Award + NTFCA Award + SLFCA Award + NYFCO Award + Original Vision Award + 3 Scream Awards + IGN Award + OFTA Film Award + VVFP Award + ACCA + Davis Award + IOMA Award + 8 Golden Schmoes + WFCC Award + INOCA Award + IFCS Award + Max Movie Award + 2 Georges Awards + Inducted into: OFTA Film Hall of Fame,True
Toy Story 3,4.7,9.0,8.3,https://onionplay.se/movies/toy-story-3-2010/ ,Animation Adventure Comedy Family Fantasy,7.3,The toys are mistakenly delivered to a day-care center instead of the attic right before Andy leaves for college` and it's up to Woody to convince the other toys that they weren't abandoned and to return home.,Saturn Award + BSFC Award + Critics Choice Award + CFCA Award + DFWFCA Award + FFCC Award + Golden Globe + Satellite Award + KCFCC Award + 2 Sierra Awards + 2 NBR Awards + OFCS Award + People's Choice Award + SDFCS Award + SEFCA Award + Teen Choice Award + AFI Award + SFFCC Award + Movieguide Award + PFCS Award + COFCA Award + AFCA Award + WAFCA Award + NYFCO Award + IFC Award + Lumiere People's Choice Award + DFCS Award + IGN Award + UFCA Award + OFCC Award + HFCS Award + VVFP Award + ACCA Award + Davis Award + Golden Schmoes Award + WFCC Award + Gold Derby Film Award + W3 Best in Show + Golden Tomato Award + Inducted into: OFTA Film Hall of Fame,False
Iron Man 2,4.7,7.1,6.9,https://onionplay.se/movies/iron-man-2-2010/ ,Action Adventure Sci-Fi,6.7,With the world now aware of his identity as Iron Man` Tony Stark must contend with both his declining health and a vengeful mad man with ties to his father's legacy.,Hollywood Film Award + People's Choice Award + Golden Schmoes Award,False
How to Train Your Dragon,4.8,9.1,8.1,https://onionplay.se/movies/how-to-train-your-dragon-2010/ ,Animation Adventure Family Fantasy,8.8,A hapless young Viking who aspires to hunt dragons becomes the unlikely friend of a young dragon himself and learns there may be more to the creatures than he assumed.,Annie Award + IFJA Award + 2 Lumiere Awards + TFCA Award + Georges Award,True
Alice in Wonderland,4.8,7.8,7.3,https://onionplay.se/movies/alice-in-wonderland-1951/ ,Animation Adventure Family Fantasy Musical,9,Alice stumbles into the world of Wonderland. Will she get home? Not if the Queen of Hearts has her way.,Photoplay Award + Inducted into: OFTA Film Hall of Fame,True
Sherlock Holmes,4.7,7.7,7.6,https://onionplay.se/movies/sherlock-holmes-2009/ ,Action Adventure Crime Mystery,7.9,Detective Sherlock Holmes and his partner Dr. Watson engage in a battle of wits and brawn with a nemesis whose plot threatens all of England.,Teen Choice Award + Empire Award,True
Avatar,4.7,8.2,7.9,https://onionplay.se/movies/avatar-2009/ ,Action Adventure Fantasy Sci-Fi,8.4,A paraplegic Marine dispatched to the moon Pandora becomes torn between following his orders and protecting the world he feels is his home.,Saturn Award + 4  Critics Choice + EMA Award + Golden Globe + Award of the Japanese Academy + Sierra Award + Huabiao Award + Rembrandt Award + Teen Choice Award + Empire Award + Golden Trailer + PFCS Award + Readers' Choice Award + SLFCA Award + 2 NYFCO Awards + 2 Scream Awards + Jupiter Award + 2 ACCAs + 2 Golden Schmoes + IFCS Award + 2 Georges + Inducted into: OFTA Film Hall of Fame,
The Princess and the Frog,4.8,7.4,7.2,https://onionplay.se/movies/the-princess-and-the-frog-2009/ ,Animation Adventure Family Fantasy Musical Romance,8.3,A waitress desperate to fulfill her dreams as a restaurant owner is set on a journey to turn a frog prince back into a human being.,None,True
Fantastic Mr. Fox,4.8,8.5,7.9,No Link,Animation Adventure Comedy Crime Family,9.5,An urbane fox cannot resist returning to his farm raiding ways and then must help his community survive the farmers' retaliation.,Satellite Award + 2 Sierra Awards + NYFCC Award  + TFCA Award + ICS Award + NYFCO Award + IFJA Award + UFCA Award + OFCC Award,True
Cloudy with a Chance of Meatballs,4.7,7.2,6.9,No Link,Animation Adventure Comedy Family Sci-Fi,7.8,A young inventor creates a machine that turns water into food but it malfunctions and causes food to rain from the sky.,None,False
Harry Potter and the Half-Blood Prince,4.9,7.8,7.6,https://onionplay.se/movies/harry-potter-and-the-half-blood-prince-2009/ ,Adventure Family Fantasy Mystery,7.4,As Harry Potter begins his sixth year at Hogwarts he discovers a mysterious book and learns more about Lord Voldemort's dark past.,SFX Award + AFI Special Award PFCS Award + National Movie Award + Scream Award,True
Up,4.8,9.0,8.3,https://onionplay.se/movies/up-2009/ ,Adventure Animation Comedy Family,9.2,An elderly man fulfills his lifelong dream of adventure by tying thousands of balloons to his house and flying to South America accompanied by an unexpected stowaway.,Annie Award + BSFC Award + Critics Choice Award + Palm Dog + CFCA Award + DFWFCA Award + FCC Award + Golden Globe + KCCC Award + Blimp Award + 2 NBR Awards + OFCS Award + People's Choice Award + SDFCS Award + SEFCA Award + Teen Choice Award + AFI Award + Movieguide Award + PFCS Award + COFCA Award + AFCA Award + WAFCA Award + SLFCA Award + DFCS Award + 2 NYFCO Awards + IFC Award + IGN Award + HFCS Award + OFTA Film Award + 2 ACCAs + IOMA Award + Golden Schmoes Award + WFCC Award + Gold Derby Film Award + Golden Tomato Award + Inducted into: OFTA Film Hall of Fame,True
Coraline,4.8,7.4,7.7,https://onionplay.se/movies/coraline-2009/ ,Animation Drama Family Fantasy,8.6,An adventurous girl finds another world that is a strangely idealized version of her frustrating home but it has sinister secrets.,AFI Award,True
The Curious Case of Benjamin Button,4.7,8.0,7.8,https://onionplay.se/movies/the-curious-case-of-benjamin-button-2008/ ,Drama Fantasy Romance,7.2,Benjamin Button is born with the appearance of an elderly man and ages in reverse experiencing life and love in unique ways.,Saturn Award + Sierra Award + NBR Award + AFI Award + 2 SLFCA Awards + NYFCO Award + OFCC Award + HFCS Award + ACCA + 3 IOMA Awards + Golden Schmoes Award + 2 INOCA Awards + IFCS Award,True
Twilight,4.7,7.2,5.3,https://onionplay.se/movies/twilight-2008/ ,Drama Fantasy Romance,,A teenage girl risks everything when she falls in love with a vampire.,MTV Movie Award + Teen Choice Award + Vision Award + 2 People's Choice Awards + 3 Teen Choice Awards + Scream Award + Golden Schmoes Award + Brave Otto Germany Award + American Music Award,False
Slumdog Millionaire,4.7,9.0,8.0,https://onionplay.se/movies/slumdog-millionaire-2008/ ,Drama Romance,,A Mumbai teenager reflects on his life after being accused of cheating on the Indian version of "Who Wants to Be a Millionaire?",BSFC Award + British Independent Film Award + Critics Choice Award + DFWFCA Award + FFCC Award + Golden Globe + Satellite Award + Image Award + KCFCC Award + ALFS Award + NBR Award + SDFCS Award + Black Reel Award + PFCS Award + WAFCA Award + NTFCA Award + SLFCA Award + EDA Special Mention Award + DFCS Award + 2 NYFCO Awards + IFC Award + 2 OFCC Awards + 2 IOFCP Awards,True
Step Brothers,4.7,6.9,6.9,https://onionplay.se/movies/step-brothers-2008/ ,Comedy,4.5,Two middle-aged men are forced to live together as brothers after their single parents marry.,Golden Trailer,False
Ponyo,4.9,8.3,7.6,No Link,Animation Adventure Family Fantasy,9.7,A goldfish princess escapes from her ocean home and is rescued by a boy on land leading to a magical adventure.,Award of the Japanese Academy + Ofuji Noburo Award,True
WALL-E,4.8,9.0,8.4,No Link,Animation Adventure Family Sci-Fi,9.7,In the distant future a small waste-collecting robot inadvertently embarks on a space journey that will decide the fate of mankind.,Saturn Award + 2 BSFC Awards + Critics Choice Award + 2 CFCA Awards + CEC Award + DFWFCA Award + FFCC Award + Golden Globe + Satellite Award + KCFCC Award + Sierra Award + LAFCA Award + 2 NBR Awards + NYFCC Award + 2 OFCS Awards + People's Choice Award + SDFCS Award + SEFCA Award + TFCA Award + AFI Award + Movieguide Award + PFCS Award + 2 COFCA Awards + AFCA Award + WAFCA Award + National Movie Award + 2 NYFCO Awards + Scream Award + IFC Award + UFCA Award + 2 OFCC Awards + HFCS Award + 2 OFTA Film Awards + VVFP Award + 2 ACCAs + IOMA Award + Golden Schmoes Award + 2 WFCC Awards + Gold Derby Film Award + Georges Award + Golden Tomato Award + Inducted into: OFTA Film Hall of Fame and National Film Registry,True
Indiana Jones and the Kingdom of the Crystal Skull,4.6,5.3,6.2,https://onionplay.se/movies/indiana-jones-and-the-kingdom-of-the-crystal-skull-2008/ ,Action Adventure,,Famed archaeologist Indiana Jones returns to adventure when he becomes entangled in a Soviet plot to uncover the secret behind mysterious artifacts.,None,
Kung Fu Panda,4.8,8.3,7.6,https://onionplay.se/movies/kung-fu-panda-2008/ ,Action Adventure Animation Comedy Family,,A clumsy panda becomes an unlikely kung fu hero when an ancient prophecy comes true.,None,
Iron Man,4.8,9.1,7.9,https://onionplay.se/movies/iron-man-2008/ ,Action Adventure Sci-Fi,,After being held captive a billionaire engineer creates a unique weaponized suit of armor to fight evil.,None,
Enchanted,4.8,8.0,7.1,No Link ,Animation Comedy Family Fantasy Musical Romance,,A princess from a fairy tale world is thrust into modern-day New York City where she must navigate the real world.,None,
Bee Movie,4.8,5.3,6.1,https://onionplay.se/movies/bee-movie-2007/ ,Animation Adventure Comedy Family,,A bee sues the human race for exploiting bees after learning about honey production.,None,
Juno,4.7,8.8,7.4,https://onionplay.se/movies/juno-2007/ ,Comedy Drama Romance,,A teenager deals with an unplanned pregnancy by seeking out adoptive parents.,None,
Harry Potter and the Order of the Phoenix,4.9,8.1,7.5,https://onionplay.se/movies/harry-potter-and-the-order-of-the-phoenix-2007/ ,Adventure Family Fantasy Mystery,,Harry Potter and his friends form a secret group to stand up against the oppressive new regime at Hogwarts.,None,
Ratatouille,4.8,8.7,8.1,https://onionplay.se/movies/ratatouille-2007/ ,Animation Comedy Family Fantasy,,A rat who dreams of becoming a chef teams up with a young kitchen worker at a famous Paris restaurant.,Academy Award + BAFTA Award + Golden Globe Award,
Pirates of the Caribbean: At World's End,4.8,7.2,7.1,https://onionplay.se/movies/pirates-of-the-caribbean-at-worlds-end-2007/ ,Action Adventure Fantasy,,Captain Jack Sparrow and his allies face off against the East India Trading Company in a battle for the seas.,None,
Spider-Man 3,4.7,5.1,6.3,https://onionplay.se/movies/spider-man-3-2007/ ,Action Adventure Sci-Fi,,Peter Parker faces new challenges as he battles multiple villains and his own inner demons.,None,
Superbad,4.7,8.7,7.6,https://onionplay.se/movies/superbad-2007/ ,Comedy,,Two high school friends try to enjoy a final party before graduation while dealing with awkward mishaps.,None,
Night at the Museum,4.7,6.7,6.5,https://onionplay.se/movies/night-at-the-museum-2006/ ,Adventure Comedy Family Fantasy,,A night guard at a museum discovers exhibits come to life after dark.,None,
The Pursuit of Happyness,4.8,8.7,8.0,https://onionplay.se/movies/the-pursuit-of-happyness-2006/ ,Biography Drama,,A struggling salesman takes custody of his son as he's poised to begin a life-changing professional endeavor.,None,
Pirates of the Caribbean: Dead Man's Chest,4.8,7.2,7.4,https://onionplay.se/movies/pirates-of-the-caribbean-dead-mans-chest-2006/ ,Action Adventure Fantasy,,Captain Jack Sparrow races to recover the heart of Davy Jones to avoid enslaving his soul to Jones's service.,None,
Click,4.6,6.6,6.4,https://onionplay.se/movies/click-2006/ ,Comedy Drama Fantasy,,A workaholic finds a remote that controls time and life but faces the consequences of fast-forwarding through key moments.,None,
Monster House,4.7,6.4,6.6,https://onionplay.se/movies/monster-house-2006/ ,Animation Comedy Family Fantasy Horror,,Three kids discover their neighbor's house is a living breathing monster.,None,
Cars,4.8,8.0,7.2,https://onionplay.se/movies/cars-2006/ ,Animation Adventure Comedy Family Sport,,A race car ends up in a small town and learns valuable life lessons off the track.,None,
High School Musical,4.6,7.4,5.6,https://onionplay.se/movies/high-school-musical-2006/ ,Comedy Drama Family Musical Romance,,Two high school students from different cliques audition for the school musical.,None,
V for Vendetta,4.7,9.0,8.2,https://onionplay.se/movies/v-for-vendetta-2006/ ,Action Drama Sci-Fi Thriller,,In a future British tyranny a shadowy freedom fighter plots to overthrow the oppressive government.,None,
The Chronicles of Narnia: The Lion` the Witch & the Wardrobe,4.8,6.1,6.9,https://onionplay.se/movies/the-chronicles-of-narnia-the-lion-the-witch-and-the-wardrobe-2005/ ,Adventure Family Fantasy,,Four children enter a magical world through a wardrobe and fight to save it from eternal winter.,None,
Harry Potter and the Goblet of Fire,4.9,7.4,7.7,https://onionplay.se/movies/harry-potter-and-the-goblet-of-fire-2005/ ,Adventure Family Fantasy Mystery,,Harry competes in a dangerous tournament while Voldemort returns to power.,None,
Pride and Prejudice,4.9,8.9,7.8,https://onionplay.se/movies/pride-prejudice-2005/ ,Drama Romance,,Sparks fly when spirited Elizabeth Bennet meets single rich and proud Mr. Darcy.,None,
Corpse Bride,4.8,7.7,7.4,https://onionplay.se/movies/corpse-bride-2005/ ,Animation Drama Family Fantasy Musical Romance,,A shy groom accidentally proposes to a dead woman who takes him to the Land of the Dead.,None,
The 40-Year-Old Virgin,4.7,8.4,7.1,https://onionplay.se/movies/the-40-year-old-virgin-2005/ ,Comedy Romance,,A middle-aged man's friends try to help him lose his virginity.,None,
Charlie and the Chocolate Factory,4.7,5.1,6.7,https://onionplay.se/movies/charlie-and-the-chocolate-factory-2005/ ,Adventure Comedy Family Fantasy,,A young boy wins a tour of the most eccentric chocolate factory in the world.,None,
Star Wars: Episode III - Revenge of the Sith,4.7,6.6,7.6,https://onionplay.se/movies/star-wars-episode-iii-revenge-of-the-sith-2005/ ,Action Adventure Fantasy Sci-Fi,,Anakin Skywalker falls to the dark side becoming Darth Vader.,None,
Madagascar,4.7,6.7,6.9,No Link ,Animation Adventure Comedy Family,,Zoo animals escape and end up stranded on the island of Madagascar.,None,
National Treasure,4.8,7.6,6.9,https://onionplay.se/movies/national-treasure-2004/ ,Action Adventure Mystery Thriller,,A historian races to find a hidden treasure before a team of mercenaries.,None,
The Incredibles,4.7,7.5,8.0,https://onionplay.se/movies/the-incredibles-2004/ ,Action Adventure Animation Family,,A family of undercover superheroes try to live a quiet life but are forced into action.,None,
The Polar Express,4.8,6.4,6.6,https://onionplay.se/movies/the-polar-express-2004/ ,Animation Adventure Family Fantasy,,A young boy embarks on a magical train ride to the North Pole.,None,
Shark Tale,4.7,4.8,6.0,No Link ,Animation Adventure Comedy Family,,A fish fibs about defeating a shark and becomes an unlikely hero.,None,
Howl's Moving Castle,4.9,9.3,8.2,No Link ,Animation Adventure Drama Family Fantasy Romance,,A young woman cursed by a witch seeks refuge in a wizard's walking castle.,None,
Spider-Man 2,4.8,8.2,7.5,https://onionplay.se/movies/spider-man-2-2004/ ,Action Adventure Sci-Fi,,Peter Parker struggles to balance life and heroism as he battles Doctor Octopus.,None,
Napoleon Dynamite,4.7,7.4,7.0,No Link ,Comedy,,A quirky teenager navigates high school with offbeat friends and a passion for dancing.,None,
Harry Potter and the Prisoner of Azkaban,4.8,8.6,7.9,https://onionplay.se/movies/harry-potter-and-the-prisoner-of-azkaban-2004/ ,Adventure Family Fantasy Mystery,,Harry learns the truth about his godfather Sirius Black while dark creatures haunt the school.,None,
Shrek 2,4.8,6.9,7.3,https://onionplay.se/movies/shrek-2-2004/ ,Adventure Animation Comedy Family Fantasy,,Shrek meets Fiona's parents and faces new challenges as a royal ogre.,None,
Mean Girls,4.7,6.6,7.1,https://onionplay.se/movies/mean-girls-2004/ ,Comedy Drama,,A new girl navigates high school social cliques and learns the cost of popularity.,None,
Shaun of the Dead,4.8,9.3,7.9,https://onionplay.se/movies/shaun-of-the-dead-2004/ ,Comedy Horror Romance,,A London electronics salesman and his slacker roommate attempt to survive a zombie apocalypse while trying to win back his ex-girlfriend.,None,
50 First Dates,4.9,6.5,6.8,https://onionplay.se/movies/50-first-dates-2004/ ,Comedy Romance,,A man falls for a woman with short-term memory loss and must win her over every single day.,None,
Lord of the Rings: The Return of the King,4.9,8.6,9.0,https://onionplay.se/movies/the-lord-of-the-rings-the-return-of-the-king-2003/ ,Action Adventure Drama Fantasy,,Gandalf and Aragorn lead the World of Men against Sauron‚Äôs army to draw his gaze from Frodo and Sam as they approach Mount Doom with the One Ring.,None,
Elf,4.8,7.9,7.1,https://onionplay.se/movies/elf-2003/ ,Comedy Family Fantasy,,Raised as an oversized elf` Buddy travels from the North Pole to New York City to meet his biological father` spreading Christmas cheer in a world of cynics.,None,
School of Rock,4.8,6.4,7.2,https://onionplay.se/movies/school-of-rock-2003/ ,Comedy Music,,After being kicked out of his band` a musician poses as a substitute teacher at a prestigious prep school and turns his class into a rock band.,None,
Pirates of the Caribbean: The Curse of the Black Pearl,4.8,8.6,8.1,https://onionplay.se/movies/pirates-of-the-caribbean-the-curse-of-the-black-pearl-2003/ ,Action Adventure Fantasy,,Captain Jack Sparrow teams up with a blacksmith to rescue a kidnapped woman and recover a cursed pirate ship.,None,
Finding Nemo,4.8,8.6,8.2,https://onionplay.se/movies/finding-nemo-2003/ ,Animation Adventure Comedy Family,,After his son is captured in the Great Barrier Reef and taken to Sydney` a timid clownfish sets out on a journey to bring him home.,None,
The Lord of the Rings: The Two Towers,4.9,9.5,8.8,https://onionplay.se/movies/the-lord-of-the-rings-the-two-towers-2002/ ,Action Adventure Drama Fantasy,,While Frodo and Sam edge closer to Mordor with the help of the shifty Gollum` the divided fellowship makes a stand against Sauron‚Äôs new ally, Saruman, and his hordes of Isengard.,None,
Isle of Dogs,4.7,8.7,7.8,https://onionplay.se/movies/isle-of-dogs-2018/ ,Animation Adventure Comedy Drama Sci-Fi,,In a dystopian future Japan` a young boy sets out to find his dog after all canines are exiled to an island due to a ‚Äúcanine flu‚Äù outbreak.,None,
Hereditary,4.3,7.0,7.3,https://onionplay.se/movies/hereditary-2018/ ,Drama Horror Mystery Thriller,,A grieving family is haunted by tragic and disturbing occurrences` unraveling dark secrets and sinister fate.,None,
Star Wars: The Last Jedi,4.5,4.1,6.9,https://onionplay.se/movies/star-wars-the-last-jedi-2017/ ,Action Adventure Fantasy Sci-Fi,,Rey develops her newly discovered abilities with the guidance of Luke Skywalker` who is unsettled by the strength of her powers.,None,
The Greatest Showman,4.8,8.6,7.5,https://onionplay.se/movies/the-greatest-showman-2017/ ,Biography Drama Musical,,Celebrates the birth of show business and tells of a visionary who rose from nothing to create a spectacle that became a worldwide sensation.,None,
Coco,4.5,9.4,8.4,https://onionplay.se/movies/coco-2017/ ,Animation Adventure Family Fantasy Music,,Aspiring musician Miguel` confronted with his family‚Äôs ancestral ban on music` enters the Land of the Dead to find his great-great-grandfather` a legendary singer.,None,
I` Tonya,4.4,8.8,7.5,https://onionplay.se/movies/i-tonya-2017/ ,Biography Comedy Drama Sport,,Competitive ice skater Tonya Harding rises amongst the ranks at the U.S. Figure Skating Championships` but her future in the sport is thrown into doubt when her ex-husband intervenes.,None,
Spider-Man: Homecoming,4.7,8.7,7.4,https://onionplay.se/movies/spider-man-homecoming-2017/ ,Action Adventure Sci-Fi,,Peter Parker balances his life as an ordinary high school student in Queens with his superhero alter-ego Spider-Man` and finds himself on the trail of a new menace prowling the skies of New York City.,None,
Pirates of the Caribbean: Dead Men Tell No Tales,4.7,6.0,6.5,https://onionplay.se/movies/pirates-of-the-caribbean-dead-men-tell-no-tales-2017/ ,Action Adventure Fantasy,,Captain Jack Sparrow searches for the trident of Poseidon while being pursued by an undead sea captain and his crew.,None,
Guardians of the Galaxy Vol. 2,4.7,8.7,7.6,https://onionplay.se/movies/guardians-of-the-galaxy-vol-2-2017/ ,Action Adventure Comedy Sci-Fi,,The Guardians struggle to keep together as a team while dealing with their personal family issues` notably Star-Lord‚Äôs encounter with his father the ambitious celestial being Ego.,None,
Baby Driver,4.6,8.6,7.5,https://onionplay.se/movies/baby-driver-2017/ ,Action Crime Drama Music Thriller,,After being coerced into working for a crime boss` a young getaway driver finds himself taking part in a heist doomed to fail.,None,
Beauty and the Beast,4.8,9.3,8.0,https://onionplay.se/movies/beauty-and-the-beast-1991/ ,Animation Family Fantasy Musical Romance,,A young woman whose father has been imprisoned by a terrifying beast offers herself in his place` unaware that her captor is actually a prince.,None,
The Lego Batman Movie,4.7,8.0,7.3,https://onionplay.se/movies/the-lego-batman-movie-2017/ ,Animation Action Comedy Family Fantasy,,Batman must learn to work with others to save Gotham from the Joker‚Äôs latest scheme.,None,
Get Out,4.6,8.6,7.8,https://onionplay.se/movies/get-out-2017/ ,Horror Mystery Thriller,,A young African-American visits his white girlfriend‚Äôs family estate and uncovers a disturbing secret.,Academy Award for Best Original Screenplay + BAFTA for Best Screenplay,
Call Me By Your Name,4.7,8.6,7.8,https://onionplay.se/movies/call-me-by-your-name-2017/ ,Drama Romance,,A coming-of-age romance set in 1980s Italy between a teenage boy and an older male guest of his parents.,Academy Award for Best Adapted Screenplay,
Rogue One: A Star Wars Story,4.7,8.7,7.8,https://onionplay.se/movies/rogue-one-a-star-wars-story-2016/ ,Action Adventure Sci-Fi,,A group of rebels embarks on a mission to steal the plans for the Death Star.,Academy Award Nominations + BAFTA Nomination,
Hidden Figures,4.9,9.3,7.8,https://onionplay.se/movies/hidden-figures-2016/ ,Biography Drama History,,The story of African-American women mathematicians at NASA who played vital roles in the early space program.,SAG Award for Best Cast + Academy Award Nominations,
Doctor Strange,4.5,8.6,7.5,https://onionplay.se/movies/doctor-strange-2016/ ,Action Adventure Fantasy Sci-Fi,,After a car accident` a neurosurgeon discovers a hidden world of magic and alternate dimensions.,None,
Moana,4.8,8.9,7.6,https://onionplay.se/movies/moana-2016/ ,Animation Adventure Comedy Family Fantasy,,An adventurous teenager sails out on a daring mission to save her people with the help of a demigod.,Academy Award Nominations,
Split,4.7,7.9,7.3,https://onionplay.se/movies/split-2016/ ,Horror Thriller,,Three girls are kidnapped by a man with multiple personalities who prepares for the arrival of a terrifying new entity.,None,
La La Land,4.5,8.1,8.0,https://onionplay.se/movies/la-la-land-2016/ ,Comedy Drama Music Musical Romance,,A jazz musician and an aspiring actress fall in love while pursuing their dreams in Los Angeles.,Academy Award for Best Director + 5 More Oscars,
Your Name,4.8,9.6,8.4,https://onionplay.se/movies/your-name-2016/ ,Animation Drama Fantasy Romance,,Two teenagers share a profound` magical connection upon discovering they are swapping bodies.,Japan Academy Prize for Animation + Global Awards,
Finding Dory,4.7,8.4,7.2,https://onionplay.se/movies/finding-dory-2016/ ,Animation Adventure Comedy Family,,Amnesiac blue tang Dory sets out to find her long-lost parents with help from her friends.,None,
Captain America: Civil War,4.7,8.9,7.8,https://onionplay.se/movies/captain-america-civil-war-2016/ ,Action Adventure Sci-Fi,,The Avengers are divided into opposing factions over government oversight of their actions.,None,
Zootopia,4.8,9.2,8.0,https://onionplay.se/movies/zootopia-2016/ ,Animation Adventure Comedy Crime Family,,In a city of anthropomorphic animals` a bunny cop and a cynical con artist fox must work together.,Academy Award for Best Animated Feature,
Star Wars: Episode VII - The Force Awakens,4.6,8.5,7.8,https://onionplay.se/movies/star-wars-the-force-awakens-2015/ ,Action Adventure Fantasy Sci-Fi,,Thirty years after the defeat of the Empire` a new threat arises and Rey must join the Resistance.,None,
The Hunger Games: Mockingjay - Part 2,4.7,6.6,6.5,https://onionplay.se/movies/the-hunger-games-mockingjay-part-2-2015/ ,Action Adventure Sci-Fi Thriller,,Katniss Everdeen leads the rebels in a final showdown against the Capitol.,None,
The Martian,4.8,9.1,8.0,https://onionplay.se/movies/the-martian-2015/ ,Adventure Drama Sci-Fi,,An astronaut becomes stranded on Mars and must rely on ingenuity to survive while awaiting rescue.,Golden Globe for Best Actor + Academy Award Nominations,
Ant-Man,4.5,8.5,7.2,https://onionplay.se/movies/ant-man-2015/ ,Action Adventure Comedy Sci-Fi,,A thief is armed with a suit that allows him to shrink and must embrace his inner hero to pull off a heist.,None,
Inside Out,4.7,8.9,8.1,https://onionplay.se/movies/inside-out-2015/ ,Animation Adventure Comedy Drama Family,,A young girl‚Äôs emotions struggle to guide her through a difficult life change.,Academy Award for Best Animated Feature,
Avengers: Age of Ultron,4.7,8.2,7.3,https://onionplay.se/movies/avengers-age-of-ultron-2015/ ,Action Adventure Sci-Fi,,The Avengers face a new threat in the form of the artificial intelligence Ultron.,None,
The Hobbit: The Battle of the Five Armies,4.8,7.4,7.4,https://onionplay.se/movies/the-hobbit-the-battle-of-the-five-armies-2014/ ,Action Adventure Fantasy,,Bilbo and company engage in a war to prevent the Lonely Mountain from falling into the hands of a rising darkness.,None,
Pad dington,4.8,8.0,7.3,https://onionplay.se/movies/paddington-2014/ ,Adventure Comedy Family Fantasy,,A young Peruvian bear travels to London in search of a home and finds a loving family.,None,
The Hunger Games: Mockingjay - Part 1,4.8,7.1,6.6,https://onionplay.se/movies/the-hunger-games-mockingjay-part-1-2014/ ,Action Adventure Sci-Fi Thriller,,Katniss becomes the symbol of a mass rebellion against the autocratic Capitol.,None,
Interstellar,4.5,8.6,8.7,https://onionplay.se/movies/interstellar-2014/ ,Adventure Drama Sci-Fi,,A team of explorers travel through a wormhole in space in an attempt to ensure humanity‚Äôs survival.,Academy Award for Best Visual Effects + Multiple Nominations,
Big Hero 6,4.8,9.1,7.8,https://onionplay.se/movies/big-hero-6-2014/ ,Animation Action Adventure Comedy Family,,A special bond develops between a robotics prodigy and an inflatable healthcare companion.,Academy Award for Best Animated Feature,
John Wick,4.8,8.1,7.4,https://onionplay.se/movies/john-wick-2014/ ,Action Crime Thriller,,An ex-hitman comes out of retirement to track down the gangsters that killed his dog.,None,
The Judge,4.7,4.9,7.4,https://onionplay.ch/movie/59402-watch-the-judge-2014-online/ ,Drama,,A big-city lawyer returns to his hometown where his estranged father` the town‚Äôs judge` is suspected of murder.,None,
Guardians of the Galaxy,4.8,9.2,8.0,https://onionplay.ch/movie/10232-watch-guardians-of-the-galaxy-2014-online/ ,Action Adventure Comedy Sci-Fi,,A group of intergalactic criminals must pull together to stop a fanatical warrior.,None,
Maleficent,6.9,5.4,6.9,https://onionplay.ch/movie/176-watch-maleficent-2014-online/ ,Action Adventure Family Fantasy Romance,,A vengeful fairy is driven to curse an infant princess` only to discover the child may be the one person who can restore peace.,None,
Edge of Tomorrow,4.8,9.1,7.9,https://onionplay.ch/movie/121-watch-edge-of-tomorrow-2014-online/ ,Action Adventure Sci-Fi,,A soldier relives the same day over and over` using his experiences to improve his skills and fight an alien invasion.,None,
How to Train Your Dragon 2,4.8,9.2,7.8,https://onionplay.ch/movie/7910-watch-how-to-train-your-dragon-2-2014-online/ ,Animation Action Adventure Family Fantasy,,Hiccup and Toothless discover a secret ice cave that is home to hundreds of new wild dragons.,Academy Award Nomination for Best Animated Feature,
X-Men: Days of Future Past,4.6,9.0,7.9,https://onionplay.ch/movie/7733-watch-x-men-days-of-future-past-2014-online/ ,Action Adventure Sci-Fi,,Wolverine is sent back in time to prevent a future in which mutants are hunted to extinction.,None,
The Amazing Spider-Man 2,4.7,5.0,6.6,https://onionplay.ch/movie/10210-watch-the-amazing-spider-man-2-2014-online/ ,Action Adventure Sci-Fi,,Spider-Man faces off against the powerful Electro while struggling with his relationship with Gwen Stacy.,None,
Captain America: The Winter Soldier,4.8,9.0,7.7,https://onionplay.ch/movie/4427-watch-captain-america-the-winter-soldier-2014-online/ ,Action Adventure Sci-Fi,,Steve Rogers teams up with Black Widow to expose a conspiracy and confront a mysterious assassin.,None,
The Grand Budapest Hotel,8.1,9.2,8.1,https://onionplay.ch/movie/4193-watch-the-grand-budapest-hotel-2014-online/ ,Adventure Comedy Crime Drama,,A legendary concierge and his prot√©g√© become involved in the theft of a priceless painting.,Academy Award for Best Costume Design + 3 More Oscars,
The Lego Movie,7.7,9.6,7.7,https://onionplay.ch/movie/11909-watch-the-lego-movie-2014-online/ ,Animation Action Adventure Comedy Family,,An ordinary LEGO figure is mistaken for the prophesied Special and recruited to stop an evil tyrant.,BAFTA Award for Best Animated Film,
Whiplash,4.7,9.4,8.5,https://onionplay.ch/movie/12864-watch-whiplash-2014-online/ ,Drama Music,8.9,A promising young drummer enrolls at a cut-throat music conservatory where his dreams are mentored by an abusive instructor.,Saturn Award for Best Independent Film + AFI Award + Academy Award for Best Supporting Actor + 2 More Oscars,True