Title, Prime Score, Rotten Tomatoes Score, IMDb Score, OnionPlay Link, Genre List, My Score, IMDb Summary, Awards, Must Watch 
The Wizard of Oz,4.8,8.9,8.1,https://onionplay.se/movies/the-wizard-of-oz-1939/ ,Musical Fantasy,8.5,Young Dorothy Gale and her dog Toto are swept away by a tornado from their Kansas farm to the magical Land of Oz and embark on a quest with three new friends to see the Wizard` who can return her to her home and fulfill the others' wishes.,Academy Award for Best Music,True
Fantasia 2000,4.5,7.5,7.1,No Link,Musical Fantasy Animation,9,An update of the original film with new interpretations of great works of classical music.,Vision Award for Theatrical Motion Pictures,True
Singin' in the Rain,4.8,9.5,8.3,https://onionplay.se/movies/singin-in-the-rain-1952/ , Musical Classic Rom-Com,7.2,A silent film star falls for a chorus girl just as he and his delusionally jealous screen partner are trying to make the difficult transition to talking pictures in 1920s Hollywood.,NBR Award + Photoplay Award + Inducted into: OFTA Film Hall of Fame and National Film Registry,False
The Good` The Bad` & The Ugly,4.8,9.7,8.8,https://onionplay.se/movies/the-good-the-bad-and-the-ugly-1966/ ,Western Action Drama,5.3,A bounty-hunting scam joins two men in an uneasy alliance against a third in a race to find a fortune in gold buried in a remote cemetery.,Inducted into: OFTA Film Hall of Fame,False
Willy Wonka & the Chocolate Factory,4.8,8.7,7.8,https://onionplay.se/movies/willy-wonka-the-chocolate-factory-1971/ ,Musical Fantasy Comedy,8.7,A poor but hopeful boy seeks one of the five coveted golden tickets that will send him on a tour of Willy Wonka's mysterious chocolate factory.,Inducted into: OFTA Film Hall of Fame and National Film Registry,True
The Texas Chainsaw Massacre,4.4,8.2,7.4,https://onionplay.se/movies/the-texas-chain-saw-massacre-1974/ ,Horror Thriller Slasher Suspense,3.5,Five friends head out to rural Texas to visit the grave of a grandfather. On the way they stumble across what appears to be a deserted house` only to discover something sinister within. Something armed with a chainsaw.,Inducted into: OFTA Film Hall of Fame and National Film Registry,False
Star Wars: A New Hope,4.7,9.6,8.6,https://onionplay.se/movies/star-wars-1977/ ,Sci-Fi Fantasy Action,8.8,Luke Skywalker joins forces with a Jedi Knight` a cocky pilot` a Wookiee and two droids to save the galaxy from the Empire's world-destroying battle station` while also attempting to rescue Princess Leia from the mysterious Darth Vader.,Saturn Award for Best Science Fiction Film + BAFTA Film Award + Golden Screen + Award of the Japanese Academy + LAFCA Award + NBR Award + People's Choice Award + Photoplay Gold Medal + Science Fiction and Fantasy Writers of America Special Award + Inducted into: National Film Registry,False
Alien,4.7,9.4,8.5,https://onionplay.se/movies/alien-1979/ ,Horror Suspense Sci-Fi Thriller,7.7,After investigating a mysterious transmission of unknown origin` the crew of a commercial spacecraft encounters a deadly lifeform.,Saturn Award for Best Science Fiction Film + 2 Silver Seashell Awards + Inducted into: OFTA Film Hall of Fame and National Film Registry,True
Star Wars: The Empire Strikes Back,4.8,9.7,8.7,https://onionplay.se/movies/the-empire-strikes-back-1980/ ,Sci-Fi Action Fantasy Drama,8.9,After the Empire overpowers the Rebel Alliance` Luke Skywalker begins training with Jedi Master Yoda` while Darth Vader and bounty hunter Boba Fett pursue his friends across the galaxy.,Saturn Award for Best Science Fiction Film + Golden Screen + People's Choice Award + Inducted into: OFTA Film Hall of Fame and National Film Registry,True
The Shining,4.7,9.3,8.4,https://onionplay.se/movies/the-shining-1980/ ,Psychological Suspense Classic Horror,7.5,A family heads to an isolated hotel for the winter` where a sinister presence influences the father into violence. At the same time` his psychic son sees horrifying forebodings from both the past and the future.,Saturn Award for Best Horror Film + Inducted into: OFTA Film Hall of Fame and National Film Registry,True
Raiders of the Lost Ark,4.8,9.6,8.4,https://onionplay.se/movies/raiders-of-the-lost-ark-1981/ ,Action Adventure Comedy Mystery,8,In 1936` archaeologists and adventurers of the U.S. government hired Indiana Jones to find the Ark of the Covenant before the Nazis could obtain its extraordinary powers.,Saturn Award for Best Fantasy Film + BAFTA Film Award + KCFCC Award + NBR Award + Golden Reel Award + People's Choice Award + VSDA Award + Young Artist Award + 2 American Movie Awards + Telegatto Award + Inducted into: OFTA Film Hall of Fame and National Film Registry,True
E.T. the Extra-Terrestrial,4.8,7.2,7.9,https://onionplay.se/movies/e-t-the-extra-terrestrial-1982/ ,Sci-Fi Drama Action,4.5,A troubled child summons the courage to help a friendly alien escape from Earth and return to his home planet.,Saturn Award for Best Science Fiction Film + BSFC Award + CEC Award for Best Foreign Film + Golden Globe + 2 Golden Screens + 2 Awards of the Japanese Academy + KCFCC Award + LAFCA Award + Golden Reel Award + NBR Award + People's Choice Award + Young Artist Award + Inducted into: OFTA Film Hall of Fame and National Film Registry,False
Blade Runner,4.6,9.1,8.1,https://onionplay.se/movies/blade-runner-1982/ ,Cyberpunk Sci-Fi Classic Action Neo-Noir,9.3,A blade runner must pursue and terminate four replicants who stole a ship in space and have returned to Earth to find their creator.,Sierra Award + SIYAD Award + Inducted into: OFTA Film Hall of Fame and National Film Registry,True
Star Wars: Episode VI - Return of the Jedi,4.7,9.4,8.3,https://onionplay.se/movies/return-of-the-jedi-1983/ ,Action Fantasy Sci-Fi Adventure,8.5,After rescuing Han Solo from Jabba the Hutt` the Rebel Alliance attempts to destroy the second Death Star while Luke struggles to help Darth Vader back from the dark side.,Saturn Award for Best Science Fiction Film + Golden Screen Award + People's Choice Award + Young Artist Award + Inducted into: OFTA Hall of Fame and National Film Registry,True
Indiana Jones and the Temple of Doom,4.7,8.2,7.5,https://onionplay.se/movies/indiana-jones-and-the-temple-of-doom-1984/ ,Adventure Comedy Action,8,In 1935` Indiana Jones is tasked by Indian villagers with reclaiming a sacred stone stolen from them by a secret cult.,Golden Screen + Inducted into: National Film Registry,True
Gremlins,4.7,7.8,7.3,https://onionplay.se/movies/gremlins-1984/ ,Horror Action Comedy Fantasy,5.3,After receiving an exotic small animal as a Christmas gift` a young man inadvertently breaks three important rules concerning his new pet` which unleashes a horde of malevolently mischievous creatures on a small town.,Saturn Award for Best Horror Film + Golden Screen + Young Artist Award + Inducted into: OFTA Film Hall of Fame,False
The Karate Kid,4.8,8.2,7.3,https://onionplay.se/movies/the-karate-kid-1984/ ,Action Sports Comedy Drama,7.3,Recently relocated from NJ to LA` Daniel becomes the target of a gang of Cobra Kai dojo students. When Mr. Miyagi saves him with expert Karate skills` Daniel convinces him to teach him to defend himself` and put his bullies in their place.,VSDA Award + Young Artist Award + Inducted into: National Film Registry,False
Dune,4.5,6.5,6.3,https://onionplay.se/movies/dune-1984/ ,Sci-Fi Action Drama Mystery,7.9,A Duke's son leads desert warriors against the galactic emperor and his father's evil nemesis to free their desert world from the emperor's rule.,Saturn Award for Best Costumes,True
The Goonies,4.8,9.1,7.7,https://onionplay.se/movies/the-goonies-1985/ ,Classic Drama Comedy Action,7.5,A group of young misfits called The Goonies discover an ancient map and set out on an adventure to find a legendary pirate's long-lost treasure.,Family Friendly Award + Inducted into: OFTA Film Hall of Fame and National Film Registry,False
Ferris Bueller's Day Off,4.8,9.2,7.8,https://onionplay.se/movies/ferris-buellers-day-off-1986/ ,Comedy Classic Teen,7.8,A brash` cocky high school senior` tired of skipping school to spend a boring day at home` is determined to enjoy an epic day roaring around his favorite Chicago sites` enlisting his best friend and girlfriend to join him on the adventure.,Inducted into: OFTA Film Hall of Fame and National Film Registry,True
Castle in the Sky,4.8,9.1,8.0,No Link,Animation Fantasy Action Drama Steampunk,9.4,Pazu's life changes when he meets Sheeta` a girl whom pirates are chasing for her crystal amulet` which has the potential to locate Laputa` a legendary castle floating in the sky.,None,True
Dirty Dancing,4.8,9.0,7.0,https://onionplay.se/movies/dirty-dancing-1987/ ,Classic Teen Dance Drama Romance,8,Spending the summer at a Catskills resort with her family` Frances 'Baby' Hoseman falls in love with the camp's dance instructor` Johnny Castle.,Oscar for Best Music + 2 ASCAP Awards + Golden Globe + 2 Golden Screens + Independent Spirit Award + Inducted into: National Film Registry,False
Predator,4.7,8.7,7.8,https://onionplay.se/movies/predator-1987/ ,Horror Action Sci-Fi Suspense Thriller,7.2,A team of commandos on a mission in a Central American jungle find themselves hunted by an extraterrestrial warrior.,Saturn Award for Best Science Fiction Film,False
The Princess Bride,4.8,9.4,8.0,https://onionplay.se/movies/the-princess-bride-1987/ ,Romance Fantasy Comedy Classic Adventure,7.7,A bedridden boy's grandfather reads him the story of a farmboy-turned-pirate who encounters numerous obstacles` enemies and allies in his quest to be reunited with his true love.,Saturn Award for Best Fantasy Film + Inducted into: National Film Registry,False
Beetlejuice,4.8,8.2,7.5,https://onionplay.se/movies/beetlejuice-1988/ ,Horror Comedy Fantasy,8.3,The spirits of a deceased couple are harassed by an unbearable family that has moved into their home` and hire a malicious spirit to drive them out.,Saturn Award for Best Horror Film + Kid's Choice Award + Blimp Award + Young Artist Award,True
My Neighbor Totoro,4.9,9.4,8.1,https://onionplay.se/movies/my-neighbor-totoro-1988/ ,Animation Comedy Fantasy Adventure,8.9,When two girls move to the country to be near their ailing mother` they have adventures with the wondrous forest spirits who live nearby.,Saturn Award for Best Genre Video Release,True
Indiana Jones and the Last Crusade,4.4,9.4,8.2,https://onionplay.se/movies/indiana-jones-and-the-last-crusade-1989/ ,Adventure Action Comedy,In 1938, after his father goes missing while pursuing the Holy Grail` Indiana Jones finds himself up against the Nazis again to stop them from obtaining its powers.,Golden Screen + Inducted into: OFTA Film Hall of Fame,False
Dead Poets Society,4.8,9.2,8.1,https://onionplay.se/movies/dead-poets-society-1989/ ,Classic Comedy Teen Drama,9.3,Maverick teacher John Keating returns in 1959 to the prestigious New England boys' boarding school where he was once a star student` using poetry to embolden his pupils to new heights of self-expression.,Golden Screen + NBR Award + PFS Award + Young Artist Award + Joseph Plateau Award + Inducted into: OFTA Film Hall of Fame,True
Kiki's Delivery Service,4.9,8.9,7.8,No Link,Animation Comedy Drama Fantasy,9.6,Along with her black cat Jiji` Kiki settles in a seaside town and starts a high-flying delivery service. Here begins her magical encounter with independence and responsibility` making lifelong friends and finding her place in the world.,2 Awards of the Japanese Academy,True
The Little Mermaid,4.8,8.8,7.6,https://onionplay.se/movies/the-little-mermaid-1989/ ,Animation Romance Musical Adventure,7.7,A mermaid princess makes a Faustian bargain in an attempt to become human and win a prince's love.,Golden Screen + Golden Reel Award + Young Artist Award + Inducted into: OFTA Film Hall of Fame and National Film Registry,False
Home Alone,4.8,8.0,7.7,https://onionplay.se/movies/home-alone-1990/ ,Comedy Adventure Christmas,6.5,An eight-year-old troublemaker` mistakenly left home alone` must defend his home against a pair of burglars on Christmas Eve.,British Comedy Award + Family Film Award + 2 Golden Screens + Blimp Award + Young Artist Award + Inducted into: OFTA Filma Hall fo Fame and National Film Registry,False
Edward Scissorhands,4.8,9.1,7.9,https://onionplay.se/movies/edward-scissorhands-1990/ ,Fantasy Romance Drama,8,The solitary life of an artificial man - who was incompletely constructed and has scissors for hands - is upended when he is taken in by a suburban family.,Saturn Award for Best Fantasy Film,True
The Silence of the Lambs,4.8,9.5,8.6,https://onionplay.se/movies/the-silence-of-the-lambs-1991/ ,Horror Thriller Action Psychological,7.5,A young F.B.I. cadet must receive the help of an incarcerated and manipulative cannibal killer to help catch another serial killer` a madman who skins his victims.,Saturn Award for Best Horror Film + BSFC Award + CFCA Award + Golden Screen + KCFCC Award + 2 NBR Awards + NYFCC Award + Chainsaw Award + Felix Award for Best Picture +  Inducted into: OFTA Film Hall of Fame and National Film Registry,True
The Nightmare Before Christmas,4.8,9.2,7.9,https://onionplay.se/movies/the-nightmare-before-christmas-1993/ ,Animation Comedy Romance Musical Fantasy,8.9,Jack Skellington` king of Halloween Town` discovers Christmas Town` but his attempts to bring Christmas to his home causes confusion.,Saturn Award for Best Fantasy Film + DFWFCA Award + Inducted into: National Film Registry,True
Schindler's List,4.8,9.7,9.0,https://onionplay.se/movies/schindlers-list-1993/ ,War Drama Historical Classic,7.8,In German-occupied Poland during World War II` industrialist Oskar Schindler gradually becomes concerned for his Jewish workforce after witnessing their persecution by the Nazis.,BSFC Award + CFCA Award + DFWFCA Award + Golden Globe + 2 Golden Screens + Award of the Japanese Academy + KCFCC Award + ALFS Award + LAFCA Award + Maxwell Weinberg Award + Golden Reel Award + 2 NBR Awards + NSFC Award + NYFCC Award + PFS Award + Nikkan Sports Film Award + Felix Award for Best Picture + Inducted into: OFTA Film Hall of Fame and National Film Registry,True
Pulp Fiction,4.8,9.6,8.9,https://onionplay.se/movies/pulp-fiction-1994/ ,Comedy Dark Suspense Drama,7.2,The lives of two mob hitmen` a boxer` a gangster and his wife` and a pair of diner bandits intertwine in four tales of violence and redemption.,Saturn Award for Best Action/Adventure/Thriller Film + BSFC Award + Brit Award + DFWFCA Award + KCFCC Award + LAFCA Award + MTV Movie Award + 2 NBR Awards + NSFC Award + STFC Award + SEFCA Award + Felix Award for Best Picture + Inducted into: OFTA Film Hall of Fame and National Film Registry,True
The Lion King,4.8,9.3,8.5,https://onionplay.se/movies/the-lion-king-1994/ ,Animation Musical Adventure Romance,7.5,Lion prince Simba and his father are targeted by his bitter uncle` who wants to ascend the throne himself.,Annie Award + DFWFCA Award + Golden Globe + 3 Golden Screens + KCFCC Award + Blimp Award + 2 Golden Reel Awards + NBR Award + Young Artist Award + ACCA + 2 American Music Awards + Inducted into: OFTA Film Hall of Fame and National Film Registry,True
Forrest Gump,4.9,9.5,8.8,https://onionplay.se/movies/forrest-gump-1994/ ,Comedy Rom-Com Drama,8.2,The history of the United States from the 1950s to the '70s unfolds from the perspective of an Alabama man with an IQ of 75` who yearns to be reunited with his childhood sweetheart.,Saturn Award for Best Fantasy Film + Golden Globe + 2 Golden Screens + Maxwell Weinberg Award + Golden Reel Award + 2 NBR Award + 2 People's Choice Awards + Movieguide Award + Felix Award for Best Visual Effects + Inducted into: OFTA Film Hall of Fame and National Film Registry,True
The Mask,4.7,6.8,6.9,https://onionplay.se/movies/the-mask-1994/ ,Comedy Superhero Slapstick,7.2,Bank clerk Stanley Ipkiss is transformed into a manic superhero when he wears a mysterious mask.,None,False
Toy Story,4.8,9.2,8.3,https://onionplay.se/movies/toy-story-1995/ ,Animation Comedy Action,8.5,A cowboy doll is profoundly jealous when a new spaceman action figure supplants him as the top toy in a boy's bedroom. When circumstances separate them from their owner` the duo have to put aside their differences to return to him.,2 Annie Awards + DFWFCA Award + KCFCC Award + Golden Reel Award + Universe Reader's Choice Award + Young Artist Award + Movieguide Award + Felix Award for Best Picture and Best Song + Inducted into: OFTA Film Hall of Fame and National Film Registry,True
Jumanji,4.8,6.3,7.1,https://onionplay.se/movies/jumanji-1995/ ,Comedy Drama Fantasy Action,8.7,When two kids find and play a magical board game` they release a man trapped in it for decades - and a host of dangers that can only be stopped by finishing the game.,Huabiao Film Award + Young Artist Award,True
Matilda,4.8,7.3,7.0,No Link,Action Comedy Fantasy Drama,7.8,A girl gifted with a keen intellect and psychic powers uses both to get even with her callous family and free her kindly schoolteacher from the tyrannical grip of a sadistic headmistress.,None,False
The Fifth Element,4.8,8.6,7.6,https://onionplay.se/movies/the-fifth-element-1997/ ,Sci-Fi Adventure Comedy Action,7.3,In the colorful future` a cab driver unwittingly becomes the central figure in the search for a legendary cosmic weapon to keep Evil and Mr. Zorg at bay.,Bogey Award + Golden Screen,False
Men in Black,4.7,8.0,7.3,https://onionplay.se/movies/men-in-black-1997/ ,Sci-Fi Comedy Action,8.8,James` an NYC cop` is hired by Agent K of a secret government agency that monitors extraterrestrial life on Earth. Together` they must recover an item that has been stolen by an intergalactic villain.,Saturn Award for Best Science Fiction Film + Blockbuster Entertainment Award + Bogey Award + Box Office Award + 2 Golden Screens + Empire Award + Felix Award for Best Makeup + American Music Award,True
Perfect Blue,4.8,8.9,8.0,No Link,Animation Psychological Fantasy Horror,8.9,A pop singer gives up her career to become an actress` but she slowly goes insane when she starts being stalked by an obsessed fan and what seems to be a ghost of her past.,None,False
Princess Mononoke,4.9,9.4,8.3,No Link,Animation Action Drama Fantasy,9.5,While seeking to cure himself of a curse` young warrior Ashitaka stumbles into a conflict between the people of Iron Town and Princess Mononoke` a girl raised by wolves` who will stop at nothing to prevent the destruction of her home.,Saturn Award for Best Home Video Release + Award of the Japanese Academy + Ishihara Yujiro Award + 2 ACCAs + Inducted into: OFTA Film Hall of Fame,True
Gattaca,4.6,8.7,7.7,https://onionplay.se/movies/gattaca-1997/ ,Sci-Fi Suspense Action,4.5,Vincent` an 'In-Valid'` assumes the identity of a member of the genetic elite to pursue his goal of traveling into space with the Gattaca Aerospace Corporation. However` a week before his mission` a murder marks Vincent as a suspect.,Bogey Award,False
Good Will Hunting,4.8,9.4,8.3,https://onionplay.se/movies/good-will-hunting-1997/ ,Classic Comedy Romance,9.5,Will Hunting` a janitor at MIT` has a gift for mathematics` but needs help from a psychologist to find direction in his life.,NBR Award + Golden Trailer + Inducted into: OFTA Film Hall of Fame,True
The Truman Show,4.7,8.9,8.2,https://onionplay.se/movies/the-truman-show-1998/ ,Dystopian Satire Psychological Drama,9.1,An insurance salesman begins to suspect that his whole life is actually some sort of reality TV show.,Saturn Award for Best Fantasy Film + FCCA Award + Bogey Award + OFCS Award + Inducted into: OFTA Film Hall of Fame,True
The Parent Trap,4.8,7.0,6.6,No Link,Action Rom-Com Adventure,6.7,Identical twins Annie and Hallie` separated at birth and each raised by one of their biological parents` discover each other for the first time at summer camp and make a plan to bring their wayward parents back together.,None,False
Rush Hour,4.8,7.8,7.0,https://onionplay.se/movies/rush-hour-1998/ ,Comedy Action Adventure,7,A loyal and dedicated Hong Kong Inspector teams up with a reckless and loudmouthed L.A.P.D. detective to rescue the Chinese Consul's kidnapped daughter` while trying to arrest a dangerous crime lord along the way.,Bogey Award + Golden Screen,True
A Bug's Life,4.8,7.2,7.2,https://onionplay.se/movies/a-bugs-life-1998/ ,Animation Action Comedy Fantasy,7.9,A misfit ant` looking for 'warriors' to save his colony from greedy grasshoppers` recruits a group of bugs that turn out to be an inept circus troupe.,Blockbuster Entertainment Award + Bogey Award + 2 Critics Choice Award + FFCC Award + Golden Screen + KCFCC Award,False
The Matrix,4.7,8.5,8.7,https://onionplay.se/movies/the-matrix-1999/ ,Sci-Fi Noir Action Classic Dystopian,8.6,When a beautiful stranger leads computer hacker Neo to a forbidding underworld` he discovers the shocking truth--the life he knows is the elaborate deception of an evil cyber-intelligence.,Saturn Award for Best Science Fiction Film + Bogey Award + Golden Slate + Golden Screen + Grammy + Key Art Award + MTV Movie Award + Empire Award + 4 Golden Trailers + 2 ACCAs + Inducted into: OFTA Film Hall of Fame and National Film Registry,True
10 Things I Hate About You,4.8,6.9,7.3,https://onionplay.se/movies/10-things-i-hate-about-you-1999/ ,Rom-Com Teen Drama,7.8,A high-school boy` Cameron` cannot date Bianca until her anti-social older sister` Kat` has a boyfriend. So` Cameron pays a mysterious boy` Patrick` to charm Kat.,None,True
The Mummy,4.8,7.5,7.1,https://onionplay.se/movies/the-mummy-1999/ ,Suspense Fantasy Adventure Action,6,At an archaeological dig in the ancient city of Hamunaptra` an American serving in the French Foreign Legion accidentally awakens a mummy who begins to wreak havoc as he searches for the reincarnation of his long-lost love.,Bogey Award + Golden Screen,False
Notting Hill,4.8,7.9,7.2,https://onionplay.se/movies/notting-hill-1999/ ,Rom-Com Drama,7.9,A set of circumstances makes Anna Scott` a famous actress` fall in love with William Thacker` owner of a bookstore in Notting Hill. But the paparazzi's fascination with her complicates their bond.,Bogey Award + Brit Award + BAFTA Audience Award + British Comedy Award + Peter Sellers Award for Comedy + Golden Screen + Huabiao Film Award,True
Star Wars: Episode I - The Phantom Menace,4.6,5.9,6.5,https://onionplay.se/movies/star-wars-episode-i-the-phantom-menace-1999/ ,Action Adventure Sci-Fi Fantasy,8.4,Two Jedi escape a hostile blockade to find allies and come across a young boy who may bring balance to the Force` but the long-dormant Sith resurface to claim their former glory.,Bogey Award + 2 Golden Screens + MTV Movie Award,False
Eyes Wide Shut,4.2,7.4,7.5,https://onionplay.se/movies/eyes-wide-shut-1999/ ,Thriller Erotic Classic Suspense,8.7,A Manhattan doctor embarks on a bizarre` night-long odyssey after his wife's admission of unfulfilled longing.,Golden Slate + OFCS Award + Inducted into: OFTA Film Hall of Fame,False
The Sixth Sense,4.8,9.0,8.2,https://onionplay.se/movies/the-sixth-sense-1999/ ,Horror Sci-Fi Psychological Action Suspense,8.1,After being shot by a resentful former patient whom he failed to help` a Philadelphia child psychologist seeks redemption by treating a young boy with a disturbing secret.,Saturn Award for Best Horror Film + Bogey Award + Golden Screen + Award of the Japanese Academy + 2 People's Choice + Teen Choice Award + Chainsaw Award + Inducted into: OFTA Film Hall of Fame,True
Toy Story 2,4.8,8.7,7.9,https://onionplay.se/movies/toy-story-2-1999/ ,Animation Action Comedy Fantasy,8.5,When Woody is stolen by a toy collector` Buzz and his friends set out on a rescue mission to save Woody before he becomes a museum toy property with his roundup gang Jessie` Prospector` and Bullseye.,Annie Award + Blockbuster Entertainment Award + Bogey Award + Critics Choice Award + Golden Globe + 2 Golden Satellite Awards + KCFCC Award + OFCS Award + Young Artist Award + Movieguide Award + Inducted into: OFTA Film Hall of Fame,False
Girl Interrupted,4.7,8.4,7.3,https://onionplay.se/movies/girl-interrupted-1999/ ,Comedy Drama Thriller,8.8,Directionless teenager Susanna is rushed to Claymoore` a mental institution` after a supposed suicide attempt. There she befriends a group of troubled women who deeply influence her life.,None,True
American Psycho,4.6,8.5,7.6,https://onionplay.se/movies/american-psycho-2000/ ,Slasher Satire Psychological Dark,7.6,A wealthy New York City investment banking executive` Patrick Bateman` hides his alternate psychopathic ego from his co-workers and friends as he delves deeper into his violent` hedonistic fantasies.,IHG Award + National Board of Review Special Recognition + Chainsaw Award,True
Chicken Run,4.7,6.5,7.1,No Link,Animation Comedy Adventure,6.8,When a cockerel apparently flies into a chicken farm` the chickens see him as an opportunity to escape their evil owners.,Blockbuster Entertainment Award + Critics Choice Award + DFWFCA Award + FFCC Award + Genesis Award + Golden Satellite Award + KCFCC Award + Sierra Award + NBR Award + NYFCC Award + OFCS Award + Young Artist Award + Golden Trailer + 2 PFCS Awards + Golden Tomato Award,True
How the Grinch Stole Christmas,4.8,9.4,8.3,No Link,Animation Comedy Musical Fantasy,8,A grumpy hermit hatches a plan to steal Christmas from the Whos of Whoville.,None,True
Castaway,4.8,8.4,7.8,https://onionplay.se/movies/cast-away-2000/ ,Survival Action Adventure,7.9,A FedEx executive undergoes a physical and emotional transformation after crash landing on a deserted island.,Bogey Award + Golden Screen,True
Donnie Darko,4.7,8.0,8.0,https://onionplay.se/movies/donnie-darko-2001/ ,Horror Thriller Psychological Fantasy Mystery,8.6,After narrowly escaping a bizarre accident` a troubled teenager is plagued by visions of a man in a large rabbit suit who manipulates him to commit a series of crimes.,FCCA Award + Toronto Film Critics Association Special Citation + Webby Award,True
Shrek,4.8,9.0,7.9,https://onionplay.se/movies/shrek-2001/ ,Animation Comedy Fantasy Romance,8.8,A mean lord exiles fairytale creatures to the swamp of a grumpy ogre` who must go on a quest and rescue a princess for the lord in order to get his land back.,Annie Award + Bogey Award + Critics Choice Award + DFWFCA Award + FFCC Award + Golden Screen + KCFCC Award + Sierra Award + NBR Award + 2 OFCS Awards + People's Choice Award + Young Artist Award + PFCS Award + ACCA + 2 Golden Schmoes Awards + Inducted into: National Film Registry,True
Spirited Away,4.9,9.6,8.6,https://onionplay.se/movies/spirited-away-2002/ ,Animation Fantasy Teen Drama Fantasy,9,During her family's move to the suburbs` a sullen 10-year-old girl wanders into a world ruled by gods` witches and spirits` and where humans are changed into beasts.,Saturn Award for Best Animated Film + Annie Award + FCCA Award + Boston Field of Film Critics Special Commendation + Critics Choice Award + DFWFCA Award + FFCC Award + Golden Satellite Award + Hong Kong Film Award + Award of the Japanese Academy + NBR Award + NYFCC Award + OFCS Award + Golden Trailer + PFCS Award + Nikkan Sports Film Award + NYFCO Award + 2 UFCA Awards + ACCA + Gold Derby Film Award + Movies for Grownups Award + Inducted into: National Film Registry,True
The Princess Diaries,4.7,6.8,6.4,https://onionplay.se/movies/the-princess-diaries-2001/ ,Romance Comedy Teen Drama,6.5,Mia Thermopolis has just found out that she is the heir apparent to the throne of Genovia. With her friends Lilly and Michael Moscovitz in tow` she tries to navigate through the rest of her sixteenth year.,Young Artist Award + Movieguide Award,False
Monsters Inc.,4.8,9.0,8.1,https://onionplay.se/movies/monsters-inc-2001/ ,Animation Comedy Fantasy Action,8.3,In order to power the city` monsters have to scare children so that they scream. However` the children are toxic to the monsters` and after a child gets through` two monsters realize things may not be what they think.,Bogey Award + Golden Satellite Award + Golden Trailer + PCFS Award,True
Harry Potter and the Philosopher's Stone,4.8,8.2,7.6,https://onionplay.se/movies/harry-potter-and-the-philosophers-stone-2001/ ,Mystery Fantasy Adventure Action,8.7,An orphaned boy enrolls in a school of wizardry` where he learns the truth about himself` his family and the terrible evil that haunts the magical world.,Bogey Award + Critics Choice Award + Sierra Award + Maxwell Weinberg Award + AFI Special Award + Empire Special Award + PFCS Award + Golden Schmoes Award,True
The Lord of the Rings: The Fellowship of the Ring,4.8,9.5,8.9,https://onionplay.se/movies/the-lord-of-the-rings-the-fellowship-of-the-ring-2001/ ,Fantasy Action Adventure Drama,7.5,A meek Hobbit from the Shire and eight companions set out on a journey to destroy the powerful One Ring and save Middle-earth from the Dark Lord Sauron.,Saturn Award for Best Fantasy Film + Bogey Award + BAFTA Audience Award + Critics Choice Award + Golden Satellite Award + KCFCC Award + MTV Movie Award + OFCS Award + 2 People's Choice Award + AFI Award + Empire Award + Movieguide + PFCS Award + Guiness World Record + ACCA + 6 Golden Schmoes Awards + NCFCA Award + Golden Tomato Award + Inducted into: OFTA Film Hall of Fame and National Film Registry,True
A Beautiful Mind,4.7,9.3,8.2,https://onionplay.se/movies/a-beautiful-mind-2001/ ,Drama Action Psychological,7.3,A mathematical genius` John Nash made an astonishing discovery early in his career and stood on the brink of international acclaim. But the handsome and arrogant Nash soon found himself on a harrowing journey of self-discovery.,Critics Choice Award + DFWFCA Award + Golden Globe,True
Ice Age,4.8,8.2,7.5,https://onionplay.se/movies/ice-age-2002/ ,Animation Comedy Fantasy Adventure,6.7,Manny the mammoth` Sid the loquacious sloth` and Diego the sabre-toothed tiger go on a comical quest to return a human baby back to his father` across a world on the brink of an ice age.,Bogey Award + KCFCC Award + Golden Schmoes Award,False
Spider-Man,4.5,6.7,7.4,https://onionplay.se/movies/spider-man-2002/ ,Action Superhero Romance Sci-Fi,7.5,After being bitten by a genetically-modified spider` a shy teenager gains spider-like abilities that he uses to fight injustice as a masked superhero and face a vengeful enemy.,Bogey Award + Maxwell Weinberg Award + People's Choice Award + Teen Choice Award + Golden Trailer + Movieguide Award + American Music Award,True
Star Wars: Episode II - Attack of the Clones,4.7,5.6,6.6,https://onionplay.se/movies/star-wars-episode-ii-attack-of-the-clones-2002/ ,Action Romance Fantasy Sci-Fi,8.6,Ten years after initially meeting` Anakin Skywalker shares a forbidden romance with Padmé Amidala` while Obi-Wan Kenobi discovers a secret clone army crafted for the Jedi.,Bogey Award + Empire Award,True 
The Pianist,4.8,9.6,8.5,https://onionplay.se/movies/the-pianist-2002/ ,War Historical Music,8.6,During WWII` acclaimed Polish musician Wladyslaw faces various struggles as he loses contact with his family. As the situation worsens` he hides in the ruins of Warsaw in order to survive.,BSFC Award + CEC Award + Award of the Japanese Academy + NBR Award + NSFC Award + OFCS Award + Harry Award + SFFCC Award + Nikkan Sports Film Award,True
The Bourne Identity,4.8,9.3,7.8,https://onionplay.se/movies/the-bourne-identity-2002/ ,Action Spy Crime Adventure,7.7,A man is picked up by a fishing boat` bullet-riddled and suffering from amnesia` before racing to elude assassins and attempting to regain his memory.,None,True
Scooby-Doo,4.7,4.0,5.3,https://onionplay.se/movies/scooby-doo-2002/ ,Mystery Comedy Adventure,3,After an acrimonious break up` the Mystery Inc. gang are individually brought to an island resort to investigate strange goings on.,None,False
Minority Report,4.5,8.0,7.6,https://onionplay.se/movies/minority-report-2002/ ,Sci-Fi Cyberpunk Psychological Action Mystery,7.9,John works with the PreCrime police which stop crimes before they take place` with the help of three 'PreCogs' who can foresee crimes. Events ensue when John finds himself framed for a future murder.,Saturn Award for Best Science Fiction Film + Bogey Award + Golden Schmoes Award,True 
Harry Potter and the Chamber of Secrets,4.8,8.0,7.4,https://onionplay.se/movies/harry-potter-and-the-chamber-of-secrets-2002/ ,Adventure Family Fantasy,7.6,Harry returns for his second year at Hogwarts where a series of messages on the walls warn that the Chamber of Secrets has been opened unleashing a monster that petrifies students.,None,True
Pirates of the Caribbean: On Stranger Tides,4.7,5.4,6.6,https://onionplay.se/movies/pirates-of-the-caribbean-on-stranger-tides-2011/ ,Action Adventure Fantasy,6.8,Captain Jack Sparrow crosses paths with a woman from his past and is forced aboard the ship of the formidable pirate Blackbeard embarking on a quest for the legendary Fountain of Youth.,None,False
Thor,4.7,7.6,7.0,https://onionplay.se/movies/thor-2011/ ,Action Adventure Fantasy,7.5,The powerful but arrogant god Thor is cast out of Asgard to live among humans in Midgard (Earth) where he becomes one of their finest defenders.,Saturn Award + Empire Award + Taurus World Stunt Award,False
Rango,4.7,7.0,7.3,https://onionplay.se/movies/rango-2011/ ,Animation Adventure Comedy Western,5.5,A chameleon who has lived as a sheltered family pet finds himself in the gritty town of Dirt a lawless outpost in the Wild West in desperate need of a new sheriff.,Academy Award + BAFTA Award + Annie Award,False
Tangled,4.8,8.7,7.7,https://onionplay.se/movies/tangled-2010/ ,Animation Adventure Comedy Family Fantasy Musical,8.4,The magically long-haired Rapunzel has spent her entire life in a tower but now that a runaway thief has stumbled upon her she is about to discover the world for the first time and who she really is.,Gold Derby Award,False
Harry Potter and the Deathly Hallows: Part I,4.8,8.5,7.7,https://onionplay.se/movies/harry-potter-and-the-deathly-hallows-part-1-2010/ ,Adventure Family Fantasy,8.8,Harry Ron and Hermione set out on a mission to destroy the Horcruxes the keys to Voldemort’s immortality but nowhere is safe now that Voldemort has gained control over Hogwarts and the Wizarding World.,BAFTA Award,True
Megamind,4.8,7.2,7.3,https://onionplay.se/movies/megamind-2010/ ,Animation Action Comedy Family Sci-Fi,7.7,After supervillain Megamind defeats his nemesis Metro Man he creates a new foe who instead of using his powers for good sets out to destroy the world positioning Megamind to save the day for the first time in his life.,ASCAP Film and Television Music Award,False
Scott Pilgrim vs the World,4.7,8.4,7.6,https://onionplay.se/movies/scott-pilgrim-vs-the-world-2010/ ,Action Comedy Fantasy Romance,8,Scott Pilgrim must defeat his new girlfriend’s seven evil exes who are coming to kill him in order to win her heart.,Empire Award + Webby Award,True
Despicable Me,4.8,8.3,7.6,https://onionplay.se/movies/despicable-me-2010/ ,Animation Comedy Family,8.4,When a criminal mastermind uses a trio of orphan girls as pawns for a grand scheme he finds their love is profoundly changing him for the better.,Kids’ Choice Award,False
Inception,4.6,9.1,8.8,https://onionplay.se/movies/inception-2010/ ,Action Adventure Sci-Fi Thriller,8.6,A thief who steals corporate secrets through the use of dream-sharing technology is given the inverse task of planting an idea into the mind of a CEO.,Academy Award + BAFTA Award + Golden Globe,True
Toy Story 3,4.7,9.0,8.3,https://onionplay.se/movies/toy-story-3-2010/
Iron Man 2,4.7,7.1,6.9,https://onionplay.se/movies/iron-man-2-2010/
How to Train your Dragon,4.8,9.1,8.1,https://onionplay.se/movies/how-to-train-your-dragon-2010/
Alice in Wonderland,4.8,7.8,7.3,https://onionplay.se/movies/alice-in-wonderland-1951/
Sherlock Holmes,4.7,7.7,7.6,https://onionplay.se/movies/sherlock-holmes-2009/
Avatar,4.7,8.2,7.9,https://onionplay.se/movies/avatar-2009/
Princess and the Frog,4.8,7.4,7.2,https://onionplay.se/movies/the-princess-and-the-frog-2009/
Fantastic Mr. Fox,4.8,8.5,7.9,No Link
Cloudy with a Chance of Meatballs,4.7,7.2,6.9,No Link
Harry Potter and the Half-Blood Prince,4.9,7.8,7.6,https://onionplay.se/movies/harry-potter-and-the-half-blood-prince-2009/
Up,4.8,9.0,8.3,https://onionplay.se/movies/up-2009/
Coraline,4.8,7.4,7.7,https://onionplay.se/movies/coraline-2009/
The Curious Case of Benjamin Button,4.7,8.0,7.8,https://onionplay.se/movies/the-curious-case-of-benjamin-button-2008/
Twilight,4.7,7.2,5.3,https://onionplay.se/movies/twilight-2008/
Slumdog Millionaire,4.7,9.0,8.0,https://onionplay.se/movies/slumdog-millionaire-2008/
Step Brothers,4.7,6.9,6.9,https://onionplay.se/movies/step-brothers-2008/
Ponyo,4.9,8.3,7.6,No Link
WALL-E,4.8,9.0,8.4,No Link
Indiana Jones and the Kingdom of the Crystal Skull,4.6,5.3,6.2,https://onionplay.se/movies/indiana-jones-and-the-kingdom-of-the-crystal-skull-2008/
Kung Fu Panda,4.8,8.3,7.6,https://onionplay.se/movies/kung-fu-panda-2008/
Iron Man,4.8,9.1,7.9,https://onionplay.se/movies/iron-man-2008/
Enchanted,4.8,8.0,7.1,No Link
Bee Movie,4.8,5.3,6.1,https://onionplay.se/movies/bee-movie-2007/
Juno,4.7,8.8,7.4,https://onionplay.se/movies/juno-2007/
Harry Potter and the Order of the Phoenix,4.9,8.1,7.5,https://onionplay.se/movies/harry-potter-and-the-order-of-the-phoenix-2007/
Ratatouille,4.8,8.7,8.1,https://onionplay.se/movies/ratatouille-2007/
Pirates of the Caribbean: At World's End,4.8,7.2,7.1,https://onionplay.se/movies/pirates-of-the-caribbean-at-worlds-end-2007/
Spider-Man 3,4.7,5.1,6.3,https://onionplay.se/movies/spider-man-3-2007/
Superbad,4.7,8.7,7.6,https://onionplay.se/movies/superbad-2007/
Night at the Museum,4.7,6.7,6.5,https://onionplay.se/movies/night-at-the-museum-2006/
The Pursuit of Happyness,4.8,8.7,8.0,https://onionplay.se/movies/the-pursuit-of-happyness-2006/
Pirates of the Caribbean: Dead Man's Chest,4.8,7.2,7.4,https://onionplay.se/movies/pirates-of-the-caribbean-dead-mans-chest-2006/
Click,4.6,6.6,6.4,https://onionplay.se/movies/click-2006/
Monster House,4.7,6.4,6.6,https://onionplay.se/movies/monster-house-2006/
Cars,4.8,8.0,7.2,https://onionplay.se/movies/cars-2006/
High School Musical,4.6,7.4,5.6,https://onionplay.se/movies/high-school-musical-2006/
V for Vendetta,4.7,9.0,8.2,https://onionplay.se/movies/v-for-vendetta-2006/
The Chronicles of Narnia: The Lion` the Witch & the Wardrobe,4.8,6.1,6.9,https://onionplay.se/movies/the-chronicles-of-narnia-the-lion-the-witch-and-the-wardrobe-2005/
Harry Potter and the Goblet of Fire,4.9,7.4,7.7,https://onionplay.se/movies/harry-potter-and-the-goblet-of-fire-2005/
Pride and Prejudice,4.9,8.9,7.8,https://onionplay.se/movies/pride-prejudice-2005/
Corpse Bride,4.8,7.7,7.4,https://onionplay.se/movies/corpse-bride-2005/
The 40-Year-Old Virgin,4.7,8.4,7.1,https://onionplay.se/movies/the-40-year-old-virgin-2005/
Charlie and the Chocolate Factory,4.7,5.1,6.7,https://onionplay.se/movies/charlie-and-the-chocolate-factory-2005/
Star Wars: Episode III - Revenge of the Sith,4.7,6.6,7.6,https://onionplay.se/movies/star-wars-episode-iii-revenge-of-the-sith-2005/
Madagascar,4.7,6.7,6.9,No Link
National Treasure,4.8,7.6,6.9,https://onionplay.se/movies/national-treasure-2004/
The Incredibles,4.7,7.5,8.0,https://onionplay.se/movies/the-incredibles-2004/
The Polar Express,4.8,6.4,6.6,https://onionplay.se/movies/the-polar-express-2004/
Shark Tale,4.7,4.8,6.0,No Link
Howl's Moving Castle,4.9,9.3,8.2,No Link
Spider-Man 2,4.8,8.2,7.5,https://onionplay.se/movies/spider-man-2-2004/
Napoleon Dynamite,4.7,7.4,7.0,No Link
Harry Potter and the Prisoner of Azkaban,4.8,8.6,7.9,https://onionplay.se/movies/harry-potter-and-the-prisoner-of-azkaban-2004/
Shrek 2,4.8,6.9,7.3,https://onionplay.se/movies/shrek-2-2004/
Mean Girls,4.7,6.6,7.1,https://onionplay.se/movies/mean-girls-2004/
Shaun of the Dead,4.8,9.3,7.9,https://onionplay.se/movies/shaun-of-the-dead-2004/
50 First Dates,4.9,6.5,6.8,https://onionplay.se/movies/50-first-dates-2004/
Lord of the Rings: The Return of the King,4.9,8.6,9.0,https://onionplay.se/movies/the-lord-of-the-rings-the-return-of-the-king-2003/
Elf,4.8,7.9,7.1,https://onionplay.se/movies/elf-2003/
School of Rock,4.8,6.4,7.2,https://onionplay.se/movies/school-of-rock-2003/
Pirates of the Caribbean: The Curse of the Black Pearl,4.8,8.6,8.1,https://onionplay.se/movies/pirates-of-the-caribbean-the-curse-of-the-black-pearl-2003/
Finding Nemo,4.8,8.6,8.2,https://onionplay.se/movies/finding-nemo-2003/
The Lord of the Rings: The Two Towers,4.9,9.5,8.8,https://onionplay.se/movies/the-lord-of-the-rings-the-two-towers-2002/
Isle of Dogs,4.7,8.7,7.8,https://onionplay.se/movies/isle-of-dogs-2018/
Hereditary,4.3,7.0,7.3,https://onionplay.se/movies/hereditary-2018/
Star Wars: The Last Jedi,4.5,4.1,6.9,https://onionplay.se/movies/star-wars-the-last-jedi-2017/
The Greatest Showman,4.8,8.6,7.5,https://onionplay.se/movies/the-greatest-showman-2017/
Coco,4.5,9.4,8.4,https://onionplay.se/movies/coco-2017/
I` Tonya,4.4,8.8,7.5,https://onionplay.se/movies/i-tonya-2017/
Spider-Man: Homecoming,4.7,8.7,7.4,https://onionplay.se/movies/spider-man-homecoming-2017/
Pirates of the Caribbean: Dead Men Tell No Tales,4.7,6.0,6.5,https://onionplay.se/movies/pirates-of-the-caribbean-dead-men-tell-no-tales-2017/
Guardians of the Galaxy Vol. 2,4.7,8.7,7.6,https://onionplay.se/movies/guardians-of-the-galaxy-vol-2-2017/
Baby Driver,4.6,8.6,7.5,https://onionplay.se/movies/baby-driver-2017/
Beauty and the Beast,4.8,9.3,8.0,https://onionplay.se/movies/beauty-and-the-beast-1991/
The Lego Batman Movie,4.7,8.0,7.3,https://onionplay.se/movies/the-lego-batman-movie-2017/
Get Out,4.6,8.6,7.8,https://onionplay.se/movies/get-out-2017/
Call Me By Your Name,4.7,8.6,7.8,https://onionplay.se/movies/call-me-by-your-name-2017/
Rogue One: A Star Wars Story,4.7,8.7,7.8,https://onionplay.se/movies/rogue-one-a-star-wars-story-2016/
Hidden Figures,4.9,9.3,7.8,https://onionplay.se/movies/hidden-figures-2016/
Doctor Strange,4.5,8.6,7.5,https://onionplay.se/movies/doctor-strange-2016/
Moana,4.8,8.9,7.6,https://onionplay.se/movies/moana-2016/
Split,4.7,7.9,7.3,https://onionplay.se/movies/split-2016/
La La Land,4.5,8.1,8.0,https://onionplay.se/movies/la-la-land-2016/
Your Name,4.8,9.6,8.4,https://onionplay.se/movies/your-name-2016/
Finding Dory,4.7,8.4,7.2,https://onionplay.se/movies/finding-dory-2016/
Captain America: Civil War,4.7,8.9,7.8,https://onionplay.se/movies/captain-america-civil-war-2016/
Zootopia,4.8,9.2,8.0,https://onionplay.se/movies/zootopia-2016/
Star Wars: Episode VII - The Force Awakens,4.6,8.5,7.8,https://onionplay.se/movies/star-wars-the-force-awakens-2015/
The Hunger Games: Mockingjay - Part 2,4.7,6.6,6.5,https://onionplay.se/movies/the-hunger-games-mockingjay-part-2-2015/
The Martian,4.8,9.1,8.0,https://onionplay.se/movies/the-martian-2015/
Ant-Man,4.5,8.5,7.2,https://onionplay.se/movies/ant-man-2015/
Inside Out,4.7,8.9,8.1,https://onionplay.se/movies/inside-out-2015/
Avengers: Age of Ultron,4.7,8.2,7.3,https://onionplay.se/movies/avengers-age-of-ultron-2015/
The Hobbit: The Battle of the Five Armies,4.8,7.4,7.4,https://onionplay.se/movies/the-hobbit-the-battle-of-the-five-armies-2014/
Paddington, 4.8, 8.0, 7.3, https://onionplay.se/movies/paddington-2014/
The Hunger Games: Mockingjay - Part 1,4.8,7.1,6.6,https://onionplay.se/movies/the-hunger-games-mockingjay-part-1-2014/
Interstellar,4.5,8.6,8.7,https://onionplay.se/movies/interstellar-2014/
Big Hero 6,4.8,9.1,7.8,https://onionplay.se/movies/big-hero-6-2014/
John Wick,4.8,8.1,7.4,https://onionplay.se/movies/john-wick-2014/
The Judge,4.7,4.9,7.4,https://onionplay.ch/movie/59402-watch-the-judge-2014-online/,
Guardians of the Galaxy,4.8,9.2,8.0,https://onionplay.ch/movie/10232-watch-guardians-of-the-galaxy-2014-online/,
Maleficent,6.9,5.4,6.9,https://onionplay.ch/movie/176-watch-maleficent-2014-online/,
Edge of Tomorrow,4.8,9.1,7.9,https://onionplay.ch/movie/121-watch-edge-of-tomorrow-2014-online/,
How to Train Your Dragon 2,4.8,9.2,7.8,https://onionplay.ch/movie/7910-watch-how-to-train-your-dragon-2-2014-online/,
X-Men: Days of Future Past,4.6,9.0,7.9,https://onionplay.ch/movie/7733-watch-x-men-days-of-future-past-2014-online/,
The Amazing Spider-Man 2,4.7,5.0,6.6,https://onionplay.ch/movie/10210-watch-the-amazing-spider-man-2-2014-online/,
Captain America: The Winter Soldier,4.8,9.0,7.7,https://onionplay.ch/movie/4427-watch-captain-america-the-winter-soldier-2014-online/,
The Grand Budapest Hotel,8.1,9.2,8.1,https://onionplay.ch/movie/4193-watch-the-grand-budapest-hotel-2014-online/,
The Lego Movie,7.7,9.6,7.7,https://onionplay.ch/movie/11909-watch-the-lego-movie-2014-online/,
Whiplash,4.7,9.4,8.5,https://onionplay.ch/movie/12864-watch-whiplash-2014-online/
The Secret Life of Walter Mitty,4.7,5.2,7.3,https://onionplay.ch/movie/7433-watch-the-secret-life-of-walter-mitty-2013-online/,
The Hobbit: The Desolation of Smaug,4.8,7.4,7.8,https://onionplay.ch/movie/4197-watch-the-hobbit-the-desolation-of-smaug-2013-online/,
Frozen,4.8,8.9,7.4,https://onionplay.ch/movie/7706-watch-frozen-2013-online/,
The Hunger Games: Catching Fire,4.8,9.0,7.5,https://onionplay.ch/movie/10290-watch-the-hunger-games-catching-fire-2013-online/, 
Thor: The Dark World,4.7,6.7,6.7,https://onionplay.ch/movie/4445-watch-thor-the-dark-world-2013-online/,
Her,4.3,9.5,8.0,https://onionplay.ch/movie/4316-watch-her-2013-online/,
Despicable Me 2,4.8,7.5,7.3,https://onionplay.ch/movie/7902-watch-despicable-me-2-2013-online/,
Monsters University,4.6,8.0,7.2,https://onionplay.ch/movie/7932-watch-monsters-university-2013-online/, 
Iron Man 3,4.7,7.9,7.1,https://onionplay.ch/movie/4495-watch-iron-man-3-2013-online/, 
The Hobbit: An Unexpected Journey,4.8,6.4,7.8,https://onionplay.ch/movie/4367-watch-the-hobbit-an-unexpected-journey-2012-online/,
Wreck-It Ralph,4.8,8.7,7.7,https://onionplay.ch/movie/4045-watch-wreck-it-ralph-2012-online/, 
Life of Pi,4.7,8.6,7.9,https://onionplay.ch/movie/350-watch-life-of-pi-2012-online/,
Hotel Transylvania,4.8,4.5,7.0,https://onionplay.ch/movie/10350-watch-hotel-transylvania-2012-online/,
The Amazing Spider-Man,4.7,7.1,6.9,https://onionplay.ch/movie/10338-watch-the-amazing-spider-man-2012-online/,
Ted,4.6,6.9,6.9,https://onionplay.ch/movie/7387-watch-ted-2012-online/, 
Brave,4.8,7.8,7.1,https://onionplay.ch/movie/3059-watch-brave-2012-online/,
The Avengers,4.3,9.1,8.0,https://onionplay.ch/movie/10340-watch-the-avengers-2012-online/,
The Hunger Games,4.8,8.4,7.2,https://onionplay.ch/movie/10358-watch-the-hunger-games-2012-online/, 
Captain America: The First Avenger,4.7,8.0,6.9,https://onionplay.ch/movie/4425-watch-captain-america-the-first-avenger-2011-online/, 
Harry Potter and the Deathly Hallows: Part 2,4.9,9.6,8.1,https://onionplay.ch/movie/4483-watch-harry-potter-and-the-deathly-hallows-part-2-2011-online/,
Cars 2,4.6,3.9,6.2,https://onionplay.ch/movie/4261-watch-cars-2-2011-online/,
Kung Fu Panda 2,4.8,8.2,7.3,https://onionplay.ch/movie/3089-watch-kung-fu-panda-2-2011-online/,
Wonka,4.4,8.2,7.0,https://onionplay.ch/movie/49487-watch-wonka-2023-online/,
The Hunger Games: The Ballad of Songbirds and Snakes,4.4,6.4,6.7,https://onionplay.ch/movie/48504-watch-the-hunger-games-the-ballad-of-songbirds-snakes-2023-online/,
Five Nights at Freddy's,4.8,3.2,5.4,https://onionplay.ch/movie/46935-watch-five-nights-at-freddys-2023-online/,
Saltburn,3.4,7.1,7.0,https://onionplay.ch/movie/49193-watch-saltburn-2023-online/,
The Equalizer 3,4.7,7.6,6.8,https://onionplay.ch/movie/45827-watch-the-equalizer-3-2023-online/, 
The Boy and the Heron,4.6,9.6,7.4,https://onionplay.ch/movie/57868-watch-the-boy-and-the-heron-2023-online/,
Barbie,4.5,8.8,6.8,https://onionplay.ch/movie/44967-watch-barbie-2023-online/,
Spider-Man: Across the Spider-Verse,4.7,9.5,8.5,https://onionplay.ch/movie/43808-watch-spider-man-across-the-spider-verse-2023-online/,
Elemental,4.8,7.3,7.0,https://onionplay.ch/movie/43994-watch-elemental-2023-online/,
Guardians of the Galaxy: Vol. 3,4.7,8.2,7.9,https://onionplay.ch/movie/39779-watch-guardians-of-the-galaxy-volume-3-2023-online/,
Beau is Afraid,3.1,6.8,6.6,https://onionplay.ch/movie/41374-watch-beau-is-afraid-2023-online/,
The Super Mario Bros. Movie,3.5,5.9,7.0,https://onionplay.ch/movie/38713-watch-the-super-mario-bros-movie-2023-online/,
Evil Dead Rise,4.3,8.4,6.5,https://onionplay.ch/movie/39627-watch-evil-dead-rise-2023-online/, 
Knock at the Cabin,4.0,6.7,6.1,https://onionplay.ch/movie/37121-watch-knock-at-the-cabin-2023-online/,
M3GAN,3.15,9.3,6.3,https://onionplay.ch/movie/34920-watch-m3gan-2022-online/,
Puss in Boots: The Last Wish,4.7,9.5,7.8,https://onionplay.ch/movie/34886-watch-puss-in-boots-the-last-wish-2022-online/,
The Menu,4.3,8.8,7.2,https://onionplay.ch/movie/33537-watch-the-menu-2022-online/,
Don't Worry Darling,4.3,3.8,6.3,https://onionplay.ch/movie/32493-watch-dont-worry-darling-2022-online/,
Nope,4.6,8.3,6.8,https://onionplay.ch/movie/29301-watch-nope-2022-online/,
Bullet Train,4.3,5.3,7.3,https://onionplay.ch/movie/29278-watch-bullet-train-2022-online/,
The Gray Man,4.5,4.5,6.5,https://onionplay.ch/movie/28119-watch-the-gray-man-2022-online/, 
Thor: Love and Thunder,4.1,6.3,6.2,https://onionplay.ch/movie/27671-watch-thor-love-and-thunder-2022-online/
Elvis,7.3,7.7,7.3,https://onionplay.ch/movie/28610-watch-elvis-2022-online/,
Top Gun: Maverick,8.2,9.6,8.2,https://onionplay.ch/movie/28604-watch-top-gun-maverick-2022-online/,
The French Dispatch,4.2,7.5,7.1,https://onionplay.ch/movie/12870-watch-the-french-dispatch-2021-online/, 
Black Widow,4.5,7.9,6.6,https://onionplay.ch/movie/5519-watch-black-widow-2021-online/,
Luca,4.8,9.1,7.4,https://onionplay.ch/movie/8990-watch-luca-2021-online/,
Bo Burnham: Inside,4.9,9.5,8.6,https://onionplay.ch/movie/21948-watch-bo-burnham-inside-2021-online/,
Cruella,7.3,7.5,7.3,https://onionplay.ch/movie/5525-watch-cruella-2021-online/,
Soul,4.7,9.5,8.0,https://onionplay.ch/movie/5591-watch-soul-2020-online/,
Enola Holmes,4.6,9.1,6.6,https://onionplay.ch/movie/9204-watch-enola-holmes-2020-online/,
Onward,4.7,8.8,7.4,https://onionplay.ch/movie/186-watch-onward-2020-online/,
Star Wars: The Rise of Skywalker,4.5,5.1,6.4,https://onionplay.ch/movie/62-watch-star-wars-the-rise-of-skywalker-2019-online/, 
Frozen II,4.7,7.7,6.8,https://onionplay.ch/movie/7708-watch-frozen-ii-2019-online/,
Knives Out,4.0,9.7,7.9,https://onionplay.ch/movie/54-watch-knives-out-2019-online/, 
The Platform,4.5,8.1,7.0,https://onionplay.ch/movie/125-watch-the-platform-2019-online/,
Spider-Man: Far from Home,7.4,9.1,7.4,https://onionplay.ch/movie/9656-watch-spider-man-far-from-home-2019-online/, 
Midsommar,4.3,8.3,7.1,https://onionplay.ch/movie/180-watch-midsommar-2019-online/, 
Toy Story 4,4.7,9.7,7.6,https://onionplay.ch/movie/4395-watch-toy-story-4-2019-online/,
Parasite,4.5,9.9,8.5,https://onionplay.ch/movie/79-watch-parasite-2019-online/, 
The Lighthouse,4.5,9.0,7.4,https://onionplay.ch/movie/214-watch-the-lighthouse-2019-online/, 
Rocketman,7.3,8.9,7.3,https://onionplay.ch/movie/272-watch-rocketman-2019-online/,
Avengers: Endgame,4.7,9.4,8.4,https://onionplay.ch/movie/9658-watch-avengers-endgame-2019-online/, 
Shazam,7.0,9.0,7.0,https://onionplay.ch/movie/364-watch-shazam-2019-online/,
Us,6.8,9.3,6.8,https://onionplay.ch/movie/226-watch-us-2019-online/,
Spider-Man: Into the Spider-Verse,4.8,9.7,8.4,https://onionplay.ch/movie/9736-watch-spider-man-into-the-spider-verse-2018-online/, 
Ralph Breaks the Internet,4.6,8.8,7.0,https://onionplay.ch/movie/3158-watch-ralph-breaks-the-internet-2018-online/, 
Bohemian Rhapsody,7.9,6.0,7.9,https://onionplay.ch/movie/1286-watch-bohemian-rhapsody-2018-online/, 
Beautiful Boy,7.4,6.8,7.4,https://onionplay.ch/movie/48047-watch-beautiful-boy-2018-online/, 
Crazy Rich Asians,4.7,9.1,6.9,https://onionplay.ch/movie/107-watch-crazy-rich-asians-2018-online/, 
Ant-Man and the Wasp,4.6,8.7,7.0,https://onionplay.ch/movie/9742-watch-ant-man-and-the-wasp-2018-online/, 
Incredibles 2,4.7,9.3,7.5,https://onionplay.ch/movie/4029-watch-incredibles-2-2018-online/, 
The House that Jack Built,6.8,6.8,5.9,https://onionplay.ch/movie/1042-watch-the-house-that-jack-built-2018-online/,
Solo: A Star Wars Story,4.5,6.9,6.9,https://onionplay.ch/movie/9766-watch-solo-a-star-wars-story-2018-online/,
Avengers: Infinity War,4.7,8.5,8.4,https://onionplay.ch/movie/9734-watch-avengers-infinity-war-2018-online/,
Ready Player One,4.7,7.1,7.4,https://onionplay.ch/movie/198-watch-ready-player-one-2018-online/, 
Blade Runner 2049,4.5,8.8,8.0,https://onionplay.ch/movie/97-watch-blade-runner-2049-2017-online/, 
Thor: Ragnarok,4.7,9.3,7.9,https://onionplay.ch/movie/9894-watch-thor-ragnarok-2017-online/, 
The Devil Wears Prada,6.9,7.5,6.9,https://onionplay.ch/movie/7405-watch-the-devil-wears-prada-2006-online/, 
Moonrise Kingdom,4.7,9.3,7.8,https://onionplay.ch/movie/7555-watch-moonrise-kingdom-2012-online/, 
Die Hard,8.2,9.4,8.2,https://onionplay.ch/movie/22022-watch-die-hard-1988-online/, 
Free Guy,4.6,8.0,7.1,https://onionplay.ch/movie/35416-watch-free-guy-2021-online/, 
Mulan,7.7,9.2,7.7,https://onionplay.ch/movie/22733-watch-mulan-1998-online/, 
Fantastic Beasts and Where to Find Them,4.7,7.4,7.2,https://onionplay.ch/movie/129-watch-fantastic-beasts-and-where-to-find-them-2016-online/, 
Jurassic World,4.8,7.2,6.9,https://onionplay.ch/movie/10118-watch-jurassic-world-2015-online/, 
Grease,7.2,6.6,7.2,https://onionplay.ch/movie/10553-watch-grease-1978-online/, 
It's a Wonderful Life,8.6,9.4,8.6,https://onionplay.ch/movie/22032-watch-its-a-wonderful-life-1946-online/, 
Eraserhead,4.2,8.7,7.3,No Link, 
Lilo & Stitch,4.8,8.6,7.3,https://onionplay.ch/movie/65807-watch-lilo-stitch-2002-online/, 
Hercules,4.8,8.3,7.3,https://onionplay.ch/movie/12803-watch-hercules-1997-online/, 
The Iron Giant,4.9,9.6,8.1,https://onionplay.ch/movie/35947-watch-the-iron-giant-1999-online/, 
Doctor Sleep,4.5,7.8,7.3,https://onionplay.ch/movie/117-watch-doctor-sleep-2019-online/, 
The Help,4.8,7.6,8.1,https://onionplay.ch/movie/4037-watch-the-help-2011-online/, 
Les Miserables,4.7,7.0,7.5,No Link, 
The Boy in the Striped Pyjamas,4.8,6.5,7.7,https://onionplay.ch/movie/10917-watch-the-boy-in-the-striped-pyjamas-2008-online/, 
Lion King,4.6,9.3,8.5,https://onionplay.ch/movie/23570-watch-the-lion-king-1994-online/, 
Nausicaä of the Valley of the Wind,4.8,9.1,8.0,No Link, 
Hugo,7.5,9.3,7.5,https://onionplay.ch/movie/7845-watch-hugo-2011-online/, 
Whisper of the Heart,4.8,9.5,7.8,No Link, 
Bridge to Terabithia,4.7,8.5,7.2,https://onionplay.ch/movie/65835-watch-bridge-to-terabithia-2007-online/, 
Fantastic Beasts: The Secrets of Dumbledore,4.4,4.6,6.2,https://onionplay.ch/movie/129-watch-fantastic-beasts-and-where-to-find-them-2016-online/, 
Final Destination,4.6,4.0,6.7,https://onionplay.ch/movie/3043-watch-final-destination-2000-online/, 
Spree,5.9,6.5,5.9,https://onionplay.ch/movie/27939-watch-spree-2020-online/, 
Poltergeist,4.7,8.8,7.3,https://onionplay.ch/movie/10971-watch-poltergeist-1982-online/, 
Wonder,4.8,8.6,7.9,https://onionplay.ch/movie/9922-watch-wonder-2017-online/, 
The Secret World of Arrietty,4.8,9.4,7.6,No Link, 
Point Break,4.7,7.0,7.3,https://onionplay.ch/movie/47562-watch-point-break-1991-online/, 
The Hills Have Eyes,4.4,5.1,6.4,https://onionplay.ch/movie/13079-watch-the-hills-have-eyes-2006-online/, 
Bruce Almighty,4.7,6.8,4.8,https://onionplay.ch/movie/7477-watch-bruce-almighty-2003-online/, 
Evan Almighty,4.7,2.4,5.4,https://onionplay.ch/movie/7489-watch-evan-almighty-2007-online/, 
Skinamarink,3.0,7.4,4.7,https://onionplay.ch/movie/40667-watch-skinamarink-2023-online/,
A.I. Artificial Intelligence,4.6,7.6,7.2,https://onionplay.ch/movie/4133-watch-a-i-artificial-intelligence-2001-online/, 
Lars and the Real Girl,4.7,8.1,7.3,https://onionplay.ch/movie/29982-watch-lars-and-the-real-girl-2007-online/, 
Robots,4.8,6.4,6.4,https://onionplay.ch/movie/30835-watch-robots-2005-online/,
The Tale of Princess Kaguya,4.7,10.0,8.0,No Link,
Miss Congeniality,4.8,4.1,6.3,https://onionplay.ch/movie/66090-watch-miss-congeniality-2000-online/, 
You've Got Mail,4.8,7.0,6.7,https://onionplay.ch/movie/8880-watch-youve-got-mail-1998-online/,
Miss Peregrine's Home for Peculiar Children,4.7,6.5,6.7,https://onionplay.ch/movie/10028-watch-miss-peregrines-home-for-peculiar-children-2016-online/, 
Limitless,4.6,6.8,7.4,https://onionplay.ch/movie/1070-watch-limitless-2011-online/,
Men In Black II,4.7,3.8,6.2,https://onionplay.ch/movie/12001-watch-men-in-black-ii-2002-online/,
Anastasia,4.8,8.3,7.1,https://onionplay.ch/movie/66024-watch-anastasia-1997-online/,
Little Shop of Horrors,4.8,9.1,7.1,https://onionplay.ch/movie/11067-watch-little-shop-of-horrors-1986-online/,
The Village,4.6,4.3,6.6,No Link,
Peter Pan,4.5,7.8,7.3,https://onionplay.ch/movie/10965-watch-peter-pan-1953-online/,
When Marnie was There,4.8,9.2,7.6,No Link,
The Bourne Legacy,4.7,5.6,6.6,https://onionplay.ch/movie/10362-watch-the-bourne-legacy-2012-online/, 
Hancock,4.6,4.2,6.4,https://onionplay.ch/movie/1178-watch-hancock-2008-online/,
Weathering With You,7.5,9.3,7.5,https://onionplay.ch/movie/21508-watch-weathering-with-you-2019-online/,
Warm Bodies,4.7,8.1,6.8,https://onionplay.ch/movie/10314-watch-warm-bodies-2013-online/,
From Up On Poppy Hill,4.8,8.7,7.4,No Link,
The Equalizer,4.7,6.1,7.3,https://onionplay.ch/movie/206-watch-the-equalizer-2014-online/,
Dumbo,4.7,9.5,7.2,https://onionplay.ch/movie/10498-watch-dumbo-1941-online/,
The Meyerowitz Stories,5.0,9.2,6.9,https://onionplay.ch/movie/320-watch-the-meyerowitz-stories-new-and-selected-2017-online/,
Only Yesterday,4.7,7.6,10.0,No Link,
Billy Madison,4.7,4.1,6.4,https://onionplay.ch/movie/29490-watch-billy-madison-1995-online/,
Victor Frankenstein,4.4,2.6,6.0,https://onionplay.ch/movie/10168-watch-victor-frankenstein-2015-online/, 
Here Comes the Boom,4.7,4.1,6.4,https://onionplay.ch/movie/10370-watch-here-comes-the-boom-2012-online/,
Snowpiercer,4.4,9.4,7.1,https://onionplay.ch/movie/10286-watch-snowpiercer-2013-online/,
Escape from Alcatraz,4.7,9.7,7.5,https://onionplay.ch/movie/10547-watch-escape-from-alcatraz-1979-online/, 
The Adventures of Milo and Otis,6.9,6.9,8.0,https://onionplay.ch/movie/22537-watch-the-adventures-of-milo-and-otis-1986-online/,
9,4.8,5.7,7.0,No Link
Joe Versus the Volcano,4.6,6.6,5.9,https://onionplay.ch/movie/20399-watch-joe-versus-the-volcano-1990-online/,
Kubo and the Two Strings,7.7,9.7,7.7,https://onionplay.ch/movie/10026-watch-kubo-and-the-two-strings-2016-online/,
Big Eyes,4.7,7.2,7.0,https://onionplay.ch/movie/12801-watch-big-eyes-2014-online/,
Meet Joe Black,4.7,4.6,7.2,https://onionplay.ch/movie/7545-watch-meet-joe-black-1998-online/,
Words Bubble Up Like Soda Pop,4.5,10.0,6.8,No Link,
Jerry Maguire,4.7,8.5,7.3,https://onionplay.ch/movie/7521-watch-jerry-maguire-1996-online/, 
A Million Little Pieces,6.2,2.7,6.3,No Link,
The Hitchhiker’s Guide to the Galaxy,6.7,6.1,6.7,https://onionplay.ch/movie/210-watch-the-hitchhikers-guide-to-the-galaxy-2005-online/,
On the Count of Three,7.0,8.5,7.0,No Link,
John Tucker Must Die,4.6,2.8,5.7,No Link,
OPAL,3.85,7.7,7.7,No Link,
Drop Dead Fred,4.7,1.1,6.0,No Link,
The Electrical Life of Louis Wain,4.4,6.8,6.8,https://onionplay.ch/movie/11552-watch-the-electrical-life-of-louis-wain-2021-online/,
Minamata,4.6,7.8,7.2,No Link,
A Minecraft Movie,5.0,4.7,4.9,https://onionplay.ch/movie/65769-watch-a-minecraft-movie-2025-online/,
Sense and Sensibility,4.8,9.7,7.7,https://onionplay.ch/movie/57971-watch-sense-and-sensibility-1995-online/,
Persuasion,4.7,8.7,7.6,No Link,
Legally Blonde,3.25,7.2,6.5,https://onionplay.ch/movie/65801-watch-legally-blonde-2001-online/,
Rain Man,8.0,8.8,8.0,https://onionplay.ch/movie/3156-watch-rain-man-1988-online/,
Nacho Libre,5.9,3.9,5.9,https://onionplay.ch/movie/65825-watch-nacho-libre-2006-online/,
Stranger Than Fiction,4.7,7.3,7.5,https://onionplay.ch/movie/4555-watch-stranger-than-fiction-2006-online/,
Tim Burton's Corpse Bride,4.8,8.4,7.4,https://onionplay.ch/movie/35797-watch-corpse-bride-2005-online/,
Night at the Museum: Battle of the Smithsonian,4.7,4.3,6.0,https://onionplay.ch/movie/25619-watch-night-at-the-museum-battle-of-the-smithsonian-2009-online/,
Night at the Museum: Secret of the Tomb,4.7,4.8,6.2,https://onionplay.ch/movie/10240-watch-night-at-the-museum-secret-of-the-tomb-2014-online/,
Jurassic World: Fallen Kingdom,4.6,4.7,6.1,https://onionplay.ch/movie/9740-watch-jurassic-world-fallen-kingdom-2018-online/,
Spider-Man: No Way Home,4.6,4.7,6.1,https://onionplay.ch/movie/21863-watch-spider-man-no-way-home-2021-online/,
Somewhere in Time,4.6,5.2,7.2,
Chicken Little,4.7,3.7,5.7,
Better Off Dead,
I Saw The TV Glow,
Sight,
Cabrini,
Snow White (2025),
Late Night with the Devil,
Red Dragon, 
Awakenings, 
Flow, 
Tron: ARES, 
Downton Abbey: The Grand Finale,
The Crow,